[2026-09-25--05-20-00 INFO actix_server::builder] starting 5 workers
[2026-09-25--05-20-00 INFO actix_server::server] Tokio runtime found; starting in existing Tokio runtime
[2026-09-25--05-20-00 INFO actix_server::server] starting service: "actix-web-service-127.0.0.1:18488", workers: 5, listening on: 127.0.0.1:18488
[2026-09-25--05-20-15 INFO parity_ws] Listening for new connections on 127.0.0.1:8900.
[2026-09-25--05-20-16 INFO surfpool::cli::simnet] Datasource connection successful. Epoch 1042 / Slot index 98815 / Slot 450242815.
[2026-09-25--05-20-16 INFO surfpool::cli::simnet] No keypair found at provided path /Users/mac/.config/solana/id.json; skipping airdrop for that keypair
[2026-09-25--05-20-17 INFO surfpool::cli::simnet] Account 2TL4offmc2uDbuscFYjRZjHbea1ixTHXiAjbT42qbV8j updated.
[2026-09-25--05-20-19 INFO surfpool::cli::simnet] Account VAT9huvhPjRN9cyrPytq9rwvEJ3J4ADtjdncgZRyANJ updated.
[2026-09-25--05-20-19 INFO surfpool::cli::simnet] Account 6sPDzwyARRExKH52LECxcGoqziH8G7SZofwuxi8Ja331 updated.
[2026-09-25--05-20-19 INFO surfpool::cli::simnet] Account zkexuyPRdyTVbZqEAREueqL2xvvoBhRgth9xGSc1tMN updated.
[2026-09-25--05-20-19 INFO surfpool::cli::simnet] Account YbbRLkvenrocjGPGyoQE4wjnvYzTgfsk38NFmcYK7a5 updated.
[2026-09-25--05-20-19 INFO surfpool::cli::simnet] Account 7VgiehxNxu53KdxgLspGQY8myE6f7UokaWa4jsGcaSz updated.
[2026-09-25--05-20-19 INFO surfpool::cli::simnet] Account 7bTK6Jis8Xpfrs8ZoUfiMDPazTcdPcTWheZFJTA5Z6X4 updated.
[2026-09-25--05-20-19 INFO surfpool::cli::simnet] Account 6aHuNsUmwSzCEMjrBzBCYaxHAyAcQBjVES92JigHBDuC updated.
[2026-09-25--05-20-19 INFO surfpool::cli::simnet] Account AnAP9zPV4KL7czAPQbFhpDKV2tx7g4UGNbK9wvXwjaRo updated.
[2026-09-25--05-20-19 INFO surfpool::cli::simnet] Account STk5Xj8hdAx3sTzmtJ3QysKkq6X2A3yj73JtxttiRyk updated.
[2026-09-25--05-20-19 INFO surfpool::cli::simnet] Account rexav5eNTUSNT1K2N7cfRjnthwhcP5BC25v2tA4rW4h updated.
[2026-09-25--05-20-19 INFO surfpool::cli::simnet] Account vcmrbYbiMVKaq1snKP6eCacNDcr6qZvpCNUjmk6gxvZ updated.
[2026-09-25--05-20-19 INFO surfpool::cli::simnet] Account ptokFjwyJtrwCa9Kgo9xoDS59V4QccBGEaRFnRPnSdP updated.
[2026-09-25--05-20-19 INFO surfpool::cli::simnet] Account bn2oPgpkzQPT3tohMaAsMVGjhDmmDa4jCaVPqCFmtxM updated.
[2026-09-25--05-20-19 INFO surfpool::cli::simnet] Account EDGMC5kxFxGk4ixsNkGt8bW7QL5hDMXnbwaZvYMwNfzF updated.
[2026-09-25--05-20-19 INFO surfpool::cli::simnet] Account JE86WkYvTrzW8HgNmrHY7dFYpCmSptUpKupbo2AdQ9cG updated.
[2026-09-25--05-20-19 INFO surfpool::cli::simnet] Account disCA4efguFL6Wqa4pGdG7jpjC7C5uiKzKnhEBqchBe updated.
[2026-09-25--05-20-19 INFO surfpool::cli::simnet] Account 4a6f7o7iTcA8hRDCrPLkSatnt5Ykxiu36wo5p1Tt12wC updated.
[2026-09-25--05-20-19 INFO surfpool::cli::simnet] Account 2GCrNXbzmt4xrwdcKS2RdsLzsgu4V5zHAemW57pcHT6a updated.
[2026-09-25--05-20-19 INFO surfpool::cli::simnet] Account zkdoVwnSFnSLtGJG7irJPEYUpmb4i7sGMGcnN6T9rnC updated.
[2026-09-25--05-20-19 INFO surfpool::cli::simnet] Account Eg7tXEwMZzS98xaZ1YHUbdRHsaYZiCsSaR6sKgxreoaj updated.
[2026-09-25--05-20-19 INFO surfpool::cli::simnet] Account LTDSzjZKFJMKHYpNycG1FrWwGGTaFFwqEFjB5GGLNVD updated.
[2026-09-25--05-20-19 INFO surfpool::cli::simnet] Account DeS7sR48ZcFTUmt5FFEVDr1v1bh73aAbZiZq3SYr8Eh8 updated.
[2026-09-25--05-20-19 INFO surfpool::cli::simnet] Account 5cC3foj77CWun58pC51ebHFUWavHWKarWyR5UUik7dnC updated.
[2026-09-25--05-20-20 INFO surfpool::cli::simnet] Account bn1hKNURMGQaQoEVxahcEAcqiX3NwRs6hgKKNSLeKxH updated.
[2026-09-25--05-20-20 INFO surfpool::cli::simnet] Account 4WeHX6QoXCCwqbSFgi6dxnB6QsPo6YApaNTH7P4MLQ99 updated.
[2026-09-25--05-20-20 INFO surfpool::cli::simnet] Account 76dHtohc2s5dR3ahJyBxs7eJJVipFkaPdih9CLgTTb4B updated.
[2026-09-25--05-20-20 INFO surfpool::cli::simnet] Account GDH5TVdbTPUpRnXaRyQqiKUa7uZAbZ28Q2N9bhbKoMLm updated.
[2026-09-25--05-20-20 INFO surfpool::cli::simnet] Account vcmrw431aNM8ngQ46derkZXipoTGQdbHkEygBDh12dA updated.
[2026-09-25--05-20-20 INFO surfpool::cli::simnet] Account 9ypxGLzkMxi89eDerRKXWDXe44UY2z4hBig4mDhNq5Dp updated.
[2026-09-25--05-20-20 INFO surfpool::cli::simnet] Account b1sgUiJ3qu7hYm3tNDyyqZNQd6gLGJmJppnLNa93PCQ updated.
[2026-09-25--05-20-20 INFO surfpool::cli::simnet] Account 61BtM7BkDEE8Yq5fskEVAQT9mYA8qCejJWoLe5apqg81 updated.
[2026-09-25--05-20-21 INFO parity_ws::io] Accepted a new tcp connection from 127.0.0.1:54471.
[2026-09-25--05-20-21 WARN surfpool::cli::simnet] Websocket method 'slots_updates_subscribe' is uninmplemented
[2026-09-25--05-20-28 ERROR surfpool::cli::simnet] Failed to process transaction: Internal error: "Storage error: Query failed for table 'transactions' in 'SQLite' database: Failed to store value for key '\"62PvU1JSZh9nvVhhQnFRZBtGG8FStMnvsvEpS3BrnG9fBuWG2chm7YRTLLbL9gma2FfNLSpXPPLug9x9Nj8iw5PW\"': no such table: transactions"
[2026-09-25--05-20-28 ERROR surfpool::cli::simnet] Failed to process transaction: Internal error: "Storage error: Query failed for table 'transactions' in 'SQLite' database: Failed to store value for key '\"259onEFg33g8djbgTv2XFmeuSJ44NHXEy3DG5eiVJnangEv2NZubjxKQrhJgK5SZdBcsqX4JUTSmYVkunfGT5vby\"': no such table: transactions"
[2026-09-25--05-20-28 ERROR surfpool::cli::simnet] Failed to process transaction: Internal error: "Storage error: Query failed for table 'transactions' in 'SQLite' database: Failed to store value for key '\"3YqDt5SWTxo6ujSQ9FBuVmhAbXMuALkrSUtNsQvqn1aX4rkAR934wdwf8vz3EzARiNPsxn6biGPSL312z5mqSE2L\"': no such table: transactions"
[2026-09-25--05-20-28 ERROR surfpool::cli::simnet] Failed to process transaction: Internal error: "Storage error: Query failed for table 'transactions' in 'SQLite' database: Failed to store value for key '\"3AzpCXqxnpP6mTWjygtCWWyAsVzep8uUqpk7Ca1RbAPXQHpVkuxckHU1fomAVnxqVfK7Ya2WPtwUDE9i7ZW7zZ1g\"': no such table: transactions"
[2026-09-25--05-20-28 ERROR surfpool::cli::simnet] Failed to process transaction: Internal error: "Storage error: Query failed for table 'transactions' in 'SQLite' database: Failed to store value for key '\"468hzoHNHWV2mzY69maWBzakJPY6bKhXExDLJY48sQke2t9dxQ1cv7GzYRqeDn85a9yLGLDQiya6Uq2wJkRgCo6C\"': no such table: transactions"
[2026-09-25--05-20-28 ERROR surfpool::cli::simnet] Failed to process transaction: Internal error: "Storage error: Query failed for table 'transactions' in 'SQLite' database: Failed to store value for key '\"3E5moyATfp1CWa9apWmBNbVvL3WY4HNSppnaEXeu2RrxXLjFsHf94ueW9kzF9ftLdsim38WfDaWfohHzm7k6kjto\"': no such table: transactions"
[2026-09-25--05-20-28 ERROR surfpool::cli::simnet] Failed to process transaction: Internal error: "Storage error: Query failed for table 'transactions' in 'SQLite' database: Failed to store value for key '\"5RjEy4Tow1iJQR7dei86rBuw7URQZeafHjNM6hnWANc6JtFwRkXzeiwH5qdEj1EFo63yiR7n3V6x1QH4vFtVrTPY\"': no such table: transactions"
[2026-09-25--05-20-28 ERROR surfpool::cli::simnet] Failed to process transaction: Internal error: "Storage error: Query failed for table 'transactions' in 'SQLite' database: Failed to store value for key '\"5K1UbxTevnYjdEYHVuZRcCcsQjxkZ8suaF9Gqt2oUnaSdGqSNEAp9jSmezrrrJfk2K5Bm1wUJWVusDLuWLEnidZa\"': no such table: transactions"
[2026-09-25--05-20-28 ERROR surfpool::cli::simnet] Failed to process transaction: Internal error: "Storage error: Query failed for table 'transactions' in 'SQLite' database: Failed to store value for key '\"bGbYaSUUmmMbCBgrTQkr5TVukwKwCjooqeaCkeUyso19P6t9pA4FZzFxAE2DkeSoYMS2ExKmVHKrCmBs5UY3YCK\"': no such table: transactions"
[2026-09-25--05-20-28 ERROR surfpool::cli::simnet] Failed to process transaction: Internal error: "Storage error: Query failed for table 'transactions' in 'SQLite' database: Failed to store value for key '\"fXNZzZgrSt9kH6MTR1Aeb3hFuEGRyU5TvugbNQrFfKZ2JFgwgxzsAzRKAAvv5VSJGTqKAgXYK4oaGpqqHePPg3Z\"': no such table: transactions"
[2026-09-25--05-20-28 ERROR surfpool::cli::simnet] Failed to process transaction: Internal error: "Storage error: Query failed for table 'transactions' in 'SQLite' database: Failed to store value for key '\"2Ds8rk5UQ3241PRQLRGSx2aWeVtzG6kALkNdZFnfuPxjjAmQCyXdDGArSbD2R4JPHdHz1d441EqqVY97FN6ytkEz\"': no such table: transactions"
[2026-09-25--05-20-28 ERROR surfpool::cli::simnet] Failed to process transaction: Internal error: "Storage error: Query failed for table 'transactions' in 'SQLite' database: Failed to store value for key '\"jZpHkuDK3Q2tojr8BPX3BYM5yzrTsQf2nZy3d2WqaExxFAod2DceooNgGPgCRwEMTU3871Gt8rTwzYrx129tMMH\"': no such table: transactions"
[2026-09-25--05-20-28 ERROR surfpool::cli::simnet] Failed to process transaction: Internal error: "Storage error: Query failed for table 'transactions' in 'SQLite' database: Failed to store value for key '\"2n7JdFVuKVD43tNE5URKGNXH6j6cHJSut32uwqVHcncnpHRtCLnyMFFgsTS9v42RG3nJmAoC5nFdcLFw4HicU4zg\"': no such table: transactions"
[2026-09-25--05-20-28 ERROR surfpool::cli::simnet] Failed to process transaction: Internal error: "Storage error: Query failed for table 'transactions' in 'SQLite' database: Failed to store value for key '\"3ohTDN5MnXB7iVEQQ2JS6ct7hTscMJTuZw1hEjq4jovy8NUQxgz8oQbe3LEHvnpJ9c5nCooQrDQzDaxib1MVHE7W\"': no such table: transactions"
[2026-09-25--05-20-28 ERROR surfpool::cli::simnet] Failed to process transaction: Internal error: "Storage error: Query failed for table 'transactions' in 'SQLite' database: Failed to store value for key '\"2yEVJcuU6eKWRUWtu23Chobt3NJng4nsNLtKXasJBpmAtrbtzBmZPqvyjSDvGNaKAUXfeKhX1kvoPwE5gvbxwrrn\"': no such table: transactions"
[2026-09-25--05-20-28 ERROR surfpool::cli::simnet] Failed to process transaction: Internal error: "Storage error: Query failed for table 'transactions' in 'SQLite' database: Failed to store value for key '\"2m8mtex4Lc25EjmaXTkxTzCWUcojU2xFeU149WrDyCY7K1ZDnMWXwaH38P8EioFchvmjnsLRNE8LauSJs2VxzMmc\"': no such table: transactions"
[2026-09-25--05-20-28 ERROR surfpool::cli::simnet] Failed to process transaction: Internal error: "Storage error: Query failed for table 'transactions' in 'SQLite' database: Failed to store value for key '\"pURGF3vTtm5NV1mYguMRTF8XWnBM9Ww56V9p4tVj6dG2GvcPRqRDJt8Za8xGpV4TaCmgsFjfks2i8Q7qnpjD9DK\"': no such table: transactions"
[2026-09-25--05-20-28 ERROR surfpool::cli::simnet] Failed to process transaction: Internal error: "Storage error: Query failed for table 'transactions' in 'SQLite' database: Failed to store value for key '\"4WfiMYFf4ascAsdUQdPJm67x8xrzaJtgNVrSBnQPF9RVhAC4ymRBe6HAqV2DLNFWUtmB9QMYatT1NZxE479cCrw4\"': no such table: transactions"
[2026-09-25--05-20-28 ERROR surfpool::cli::simnet] Failed to process transaction: Internal error: "Storage error: Query failed for table 'transactions' in 'SQLite' database: Failed to store value for key '\"2ziRH6YuPSmXvyWtX1a4qELsCb7Vz9oV8XpTTqvtW8GLMbRo5vw6BNWJbPKLCnW3hpuCZfELBsZjhdqAK5bBMeNQ\"': no such table: transactions"
[2026-09-25--05-20-28 ERROR surfpool::cli::simnet] Failed to process transaction: Internal error: "Storage error: Query failed for table 'transactions' in 'SQLite' database: Failed to store value for key '\"2iRDYpKThopDrsCEjiJF2DeVM4gmdXA82ssfjPehETJL37y56XiXXEPd6YMa2YFEtUJYKG6ffq4cCs8MFTtwk8CL\"': no such table: transactions"
[2026-09-25--05-20-28 ERROR surfpool::cli::simnet] Failed to process transaction: Internal error: "Storage error: Query failed for table 'transactions' in 'SQLite' database: Failed to store value for key '\"4zAM2WVzSgpsY3AaqjrnVvNPJprzqkTxNhbADEUo4DPDLXoRrXT7Mp8sPXiKx8zc2QUzHGVtkgppda3PWb1QcgRs\"': no such table: transactions"
[2026-09-25--05-20-28 ERROR surfpool::cli::simnet] Failed to process transaction: Internal error: "Storage error: Query failed for table 'transactions' in 'SQLite' database: Failed to store value for key '\"3aUe21ZzpDNqnwQC1z6Yaru3K9UZ4KSGgA1hQqes1q6U6P4FVMN9PVLmskWb3mxV67eGdqJkww6gnnH6TzrGXvzq\"': no such table: transactions"
[2026-09-25--05-20-28 ERROR surfpool::cli::simnet] Failed to process transaction: Internal error: "Storage error: Query failed for table 'transactions' in 'SQLite' database: Failed to store value for key '\"3GFJHx88oHpd44Qmc8L8nvraf8MG2HPfUPj6m2wt3PvfGCJNzbqR1CWeopGEiaSdWg1pG28tVP5WFc9aCh94ZxjM\"': no such table: transactions"
[2026-09-25--05-20-28 ERROR surfpool::cli::simnet] Failed to process transaction: Internal error: "Storage error: Query failed for table 'transactions' in 'SQLite' database: Failed to store value for key '\"myxL8MzG2D8amFKNDNeWuZbtpLWJAzegB4A8omazXqHm4jNP5AJaz1qMrHHRXyLhzFV2Af2TzqiHzwfmhTiMCj3\"': no such table: transactions"
[2026-09-25--05-20-28 ERROR surfpool::cli::simnet] Failed to process transaction: Internal error: "Storage error: Query failed for table 'transactions' in 'SQLite' database: Failed to store value for key '\"233bGVFVrtHmwoG4UGaTsUmT7NHQetMoC4r8bL7aYsBY9CbK5s69t89Sp8u13L3msrndGSyctDF3g5jdHiKe2p7P\"': no such table: transactions"
[2026-09-25--05-20-28 ERROR surfpool::cli::simnet] Failed to process transaction: Internal error: "Storage error: Query failed for table 'transactions' in 'SQLite' database: Failed to store value for key '\"8mtfWdWTsw2HznL7orJsbjPSZLezagGhKBZNEAdatso2NqvX5kP76onzgVMfSHUr5ttx9FkNahuqTB5wxw8EA8r\"': no such table: transactions"
[2026-09-25--05-20-28 ERROR surfpool::cli::simnet] Failed to process transaction: Internal error: "Storage error: Query failed for table 'transactions' in 'SQLite' database: Failed to store value for key '\"4ep7bYHTmkLSNpAHTnXsan3RdBCeByc6YNPdjNEdzXWL9rLNW3p4oG3owdETCe1YjrrMvDMei1k3GFe2N2H6D7Z4\"': no such table: transactions"
[2026-09-25--05-20-28 ERROR surfpool::cli::simnet] Failed to process transaction: Internal error: "Storage error: Query failed for table 'transactions' in 'SQLite' database: Failed to store value for key '\"5Fo8tvpbGzBZu7cgPP8BKCHtP74K2JpbC1ZWyGwLKWGR6po3fvwqA6vVRxhhjUKnDq75Kxw62MHw8QogeH4RE8Eq\"': no such table: transactions"
[2026-09-25--05-20-28 ERROR surfpool::cli::simnet] Failed to process transaction: Internal error: "Storage error: Query failed for table 'transactions' in 'SQLite' database: Failed to store value for key '\"2HV7vSnKjqnLDij7ydNfv46YAnk2CwSCfW7BeTZduivyHdUfZxUKacUMpEwdt7gj67BY5W5wCc7igdtdTFk7g7iF\"': no such table: transactions"
[2026-09-25--05-20-28 ERROR surfpool::cli::simnet] Failed to process transaction: Internal error: "Storage error: Query failed for table 'transactions' in 'SQLite' database: Failed to store value for key '\"5izszug6cPa2kEEMPTxFB2mUbeJSj596ptEyDp19LmdDbQwr6r12hQJLNYSP5CV6WC5cbqUbCYtDMFfiqWiuK8Ep\"': no such table: transactions"
[2026-09-25--05-20-28 ERROR surfpool::cli::simnet] Failed to process transaction: Internal error: "Storage error: Query failed for table 'transactions' in 'SQLite' database: Failed to store value for key '\"4rfufN9DXxrMMpsYMChH9DygEJWSgApUu6kPQnzeVeQrLgL3rVTAh5fLAoUPjtSiyN1FQEi7U6xefsvjrFNvuD8w\"': no such table: transactions"
[2026-09-25--05-20-28 ERROR surfpool::cli::simnet] Failed to process transaction: Internal error: "Storage error: Query failed for table 'transactions' in 'SQLite' database: Failed to store value for key '\"63LEBt1covXtMfepqvj8n5rFoNd2EuDR1FNUaP7subXKqG2MJ3Se1a32D3khs8eCQ97urFvCvazL6CzA4GkYxgJJ\"': no such table: transactions"
[2026-09-25--05-20-28 ERROR surfpool::cli::simnet] Failed to process transaction: Internal error: "Storage error: Query failed for table 'transactions' in 'SQLite' database: Failed to store value for key '\"34tYWC2poDd75CKpwhudZAAFBpWoH6h7GCwtEta4FcHtS3q7gBeu9XMAhMcfHVWcEpvePa1LVMDjvPTc1NFhbCte\"': no such table: transactions"
[2026-09-25--05-20-28 ERROR surfpool::cli::simnet] Failed to process transaction: Internal error: "Storage error: Query failed for table 'transactions' in 'SQLite' database: Failed to store value for key '\"4TUPK1ekNARtCmhUEnGLa32b2k1ynFc7BRhYMNY77HFtaZBmyBN2pWGsxg34MBJjYUDcRLPgT7HUYagdDmuptGGQ\"': no such table: transactions"
[2026-09-25--05-20-28 ERROR surfpool::cli::simnet] Failed to process transaction: Internal error: "Storage error: Query failed for table 'transactions' in 'SQLite' database: Failed to store value for key '\"45A9fj9Ffca7wWFJYHvtCo1xG6Mwrb8c2oJef7XERn3LGmtbvPNTMUCmmdqTL3spw7bZJombQ1pfA4sZjpV5dr15\"': no such table: transactions"
[2026-09-25--05-20-28 ERROR surfpool::cli::simnet] Failed to process transaction: Internal error: "Storage error: Query failed for table 'transactions' in 'SQLite' database: Failed to store value for key '\"21ZyvzV7UZC2Gx3teaE1WMdsTRaiWZQy2oZH3TBNVvACmXEzcm6ukeA7BtVDGe2v5VDR2qZJ2AKjXxPP4tK9d9Up\"': no such table: transactions"
[2026-09-25--05-20-28 ERROR surfpool::cli::simnet] Failed to process transaction: Internal error: "Storage error: Query failed for table 'transactions' in 'SQLite' database: Failed to store value for key '\"2wkUDs9hyKgMjKNM9TKZavb116KtmYPSKdLvnXDKXAvVaKKM19S2BdfVxtv2HphN6afvT95mjyRiaLjszwu5NVK2\"': no such table: transactions"
[2026-09-25--05-20-28 ERROR surfpool::cli::simnet] Failed to process transaction: Internal error: "Storage error: Query failed for table 'transactions' in 'SQLite' database: Failed to store value for key '\"2zvXr6mHwcPd7VDuk89ZuY8XrMGoofhByKN61XWUi2oVusos5qXgGYqXefXWr1Utsg1DJqc9h3dj3t4cAmj63NCo\"': no such table: transactions"
[2026-09-25--05-20-28 ERROR surfpool::cli::simnet] Failed to process transaction: Internal error: "Storage error: Query failed for table 'transactions' in 'SQLite' database: Failed to store value for key '\"3Q4MsFYAvYZKndcRencQES4KAUbwFkNcwhoatFiYUffBZNzncKTZnBfDBrwNcGncpmh4CPuwJRNekwdAKwucPiRz\"': no such table: transactions"
[2026-09-25--05-20-28 ERROR surfpool::cli::simnet] Failed to process transaction: Internal error: "Storage error: Query failed for table 'transactions' in 'SQLite' database: Failed to store value for key '\"5deMTgD6HtWFL4zFezNBypfoX3QZv7TN1AUUDCZByusMYM8FYMhmi5YSyrzP5NDKeEfRHjnTypxojvGZeNQWy7x7\"': no such table: transactions"
[2026-09-25--05-20-28 ERROR surfpool::cli::simnet] Failed to process transaction: Internal error: "Storage error: Query failed for table 'transactions' in 'SQLite' database: Failed to store value for key '\"4DFDAkGWLc9MHMcbnwL6NZrpbkoB66fhxCwS2rrYM99E6RTtfHbSNi6A81di2S8AVdqaeaLmXaHQRsJ1PrZr2kCC\"': no such table: transactions"
[2026-09-25--05-20-28 ERROR surfpool::cli::simnet] Failed to process transaction: Internal error: "Storage error: Query failed for table 'transactions' in 'SQLite' database: Failed to store value for key '\"2EJuaWhLrJ7yWtkG7pmRe39hEYMvjoxazK5N8NzTLrCSDSq9qMcfUo8xpQdV3etJ1h4gqrMNahqDK9K8v6FV1X3Q\"': no such table: transactions"
[2026-09-25--05-20-28 ERROR surfpool::cli::simnet] Failed to process transaction: Internal error: "Storage error: Query failed for table 'transactions' in 'SQLite' database: Failed to store value for key '\"i7toVMcujjCfzEFhYc1v8HDxkkQ1FEHTYJZg48x3eQ6f2SbciY1oyjWHgP34EaYbM1ebVvrPQfUA8XhSUrRTp5G\"': no such table: transactions"
[2026-09-25--05-20-28 ERROR surfpool::cli::simnet] Failed to process transaction: Internal error: "Storage error: Query failed for table 'transactions' in 'SQLite' database: Failed to store value for key '\"5WZcUKFBcZnzAKHX4zmiqZrF81LiMZNoVrytKSwXSFdWmpTkbkE6x48AuVqvf2SjLgZGY1MKZXseMaYL25gQeN5R\"': no such table: transactions"
[2026-09-25--05-20-28 ERROR surfpool::cli::simnet] Failed to process transaction: Internal error: "Storage error: Query failed for table 'transactions' in 'SQLite' database: Failed to store value for key '\"59vzEgMU8siaQ5qfikACb41oVFJyUD2VtzM5QpkbAjoieKB9Ceg7bFbQtfaikKLVM5fW2eJdjRuyEChHT7r7JA89\"': no such table: transactions"
[2026-09-25--05-20-28 ERROR surfpool::cli::simnet] Failed to process transaction: Internal error: "Storage error: Query failed for table 'transactions' in 'SQLite' database: Failed to store value for key '\"4Za6PybpC63A8Ji4J5dARcs9X5h5eurvgmApEBk1czboPvyDgjCZYtSV4vMzQXdEy1qHtyr2ejE3EZtpmKwTjxg8\"': no such table: transactions"
[2026-09-25--05-20-28 ERROR surfpool::cli::simnet] Failed to process transaction: Internal error: "Storage error: Query failed for table 'transactions' in 'SQLite' database: Failed to store value for key '\"KSzcHPwEhDUmqD8Gjc3uFGyuNeApUhBsxu1vxgUEeznSX41CUtSjC6GKreDtXBUttTkYjNhHCHYGWJ5GZnczU7m\"': no such table: transactions"
[2026-09-25--05-20-28 ERROR surfpool::cli::simnet] Failed to process transaction: Internal error: "Storage error: Query failed for table 'transactions' in 'SQLite' database: Failed to store value for key '\"27f7JUD2jbDnZPidKuNngtgfMRFG3SJtQAqQMN86BmHvBTtUG4QTJ1qZwicWKzwCRg5x47jruAwCUnkNwugkyFhm\"': no such table: transactions"
[2026-09-25--05-20-28 ERROR surfpool::cli::simnet] Failed to process transaction: Internal error: "Storage error: Query failed for table 'transactions' in 'SQLite' database: Failed to store value for key '\"49rfNX19woMbLWhkMfXZGzppreZgsd3suHCSAte9WUFJ7wA5gkWPMpoJigAHTJX8ytFZgZDZQe7SbcvFSo86kCK8\"': no such table: transactions"
[2026-09-25--05-20-28 ERROR surfpool::cli::simnet] Failed to process transaction: Internal error: "Storage error: Query failed for table 'transactions' in 'SQLite' database: Failed to store value for key '\"5w5a5TKwrwLCLrjH3qnRtDEtKHju2uU7J9gek9dMn8K618rwERv4Y3cM9Nq6cEUBKneBg7BDZkTkxTKUQkk2ySCN\"': no such table: transactions"
[2026-09-25--05-20-28 ERROR surfpool::cli::simnet] Failed to process transaction: Internal error: "Storage error: Query failed for table 'transactions' in 'SQLite' database: Failed to store value for key '\"5MxzKdZvwigsxBnxttFn6HVzmXNDJGWEKtDbcBKSApHpqxRgF665sRrDFcLeXQux6myFsABspbAyuNqeiWX2c4CP\"': no such table: transactions"
[2026-09-25--05-20-28 ERROR surfpool::cli::simnet] Failed to process transaction: Internal error: "Storage error: Query failed for table 'transactions' in 'SQLite' database: Failed to store value for key '\"5gFrHUboThDXgNiRdgCYjU3CAVPHqWqLRfbMA1di8qUb1PoHQVQGaHUkyqVTcUwjeccih3zmW78y8X6pbEBggFcR\"': no such table: transactions"
[2026-09-25--05-20-28 ERROR surfpool::cli::simnet] Failed to process transaction: Internal error: "Storage error: Query failed for table 'transactions' in 'SQLite' database: Failed to store value for key '\"5tJ2dZF2j93aTFdWaKwxGCYBSUYiTmxzWjRGtRS4pm3epEgid4xoFQofZH79e1j3is6zT5CkKjLXtfVDoKdmo4aw\"': no such table: transactions"
[2026-09-25--05-20-28 ERROR surfpool::cli::simnet] Failed to process transaction: Internal error: "Storage error: Query failed for table 'transactions' in 'SQLite' database: Failed to store value for key '\"3sgtChwpy7Q98nvbsVSzYYehcnGMa1W6CvzQZpmWLKvtG4dQ5EsHVECAQpjadcdfWzSS1ndA2ce2kZrZuAbvtyX\"': no such table: transactions"
[2026-09-25--05-20-28 ERROR surfpool::cli::simnet] Failed to process transaction: Internal error: "Storage error: Query failed for table 'transactions' in 'SQLite' database: Failed to store value for key '\"2iUMJuMBMbkzVeqedKGnUTgfVytZnJ8PJ4aXmshfdcaxLfA3bnNKVKNz5CdxLxATgW3zCzadREzw4UEK8bYpZ8jz\"': no such table: transactions"
[2026-09-25--05-20-28 ERROR surfpool::cli::simnet] Failed to process transaction: Internal error: "Storage error: Query failed for table 'transactions' in 'SQLite' database: Failed to store value for key '\"5hDmp7NXwKbcV9hsiqmcLM9JhVsUASHS6njMJpfy59QAP1zUc2NnwngUxCRgZBaNyWP1pDqmUMeJv4j6Vi6SH5Tc\"': no such table: transactions"
[2026-09-25--05-20-28 ERROR surfpool::cli::simnet] Failed to process transaction: Internal error: "Storage error: Query failed for table 'transactions' in 'SQLite' database: Failed to store value for key '\"SsdPSHMmZy21QkxHfG2ZctUmuHvAfy5ESL9ijNzQSwYHdXsfyUYbFohkLJ8mm8smUUusNMMdGhgAAD7o4RcTEUP\"': no such table: transactions"
[2026-09-25--05-20-28 ERROR surfpool::cli::simnet] Failed to process transaction: Internal error: "Storage error: Query failed for table 'transactions' in 'SQLite' database: Failed to store value for key '\"3hB2QnTcYsBnw1VQmXXMja9cbcATJutpGKJRqdu83zDRcacWV6koTqcptdbnNQteFjij4erf7yUToBzvo4Fzwda4\"': no such table: transactions"
[2026-09-25--05-20-28 ERROR surfpool::cli::simnet] Failed to process transaction: Internal error: "Storage error: Query failed for table 'transactions' in 'SQLite' database: Failed to store value for key '\"5J1VEVmGuDBXKx5EzXcHjbtsrNnEdmGKJ4QrCQGDBrqPUcNj7kJ4uJpiYezmCZLy8FkwVtZHBQTyRzMBRR5PB2Bx\"': no such table: transactions"
[2026-09-25--05-20-28 ERROR surfpool::cli::simnet] Failed to process transaction: Internal error: "Storage error: Query failed for table 'transactions' in 'SQLite' database: Failed to store value for key '\"5DnexzpbcRv7PPRsUqv1Y7RpsoxfCw3aKqMfGVbMBbm1WawZd3iuGSAz2XfuQvHThGfgHgveoEhRtnxtQqdAW6Kg\"': no such table: transactions"
[2026-09-25--05-20-28 ERROR surfpool::cli::simnet] Failed to process transaction: Internal error: "Storage error: Query failed for table 'transactions' in 'SQLite' database: Failed to store value for key '\"V5W2oQzyrCzJ9XRYkkJE4UDKwPKAcg6DQAKvczFh7gcNZ5M5Pszp9z7t5ZP58aKGBZfvrCCizpnw3WUSujKrfvn\"': no such table: transactions"
[2026-09-25--05-20-28 ERROR surfpool::cli::simnet] Failed to process transaction: Internal error: "Storage error: Query failed for table 'transactions' in 'SQLite' database: Failed to store value for key '\"5LCEPSoGUvisiwx5RxeoHGx1vTRuCWfDgRjqBCn9pudLf17M5PGADmzspxPVegBMaaMmxQyzEUE2YhQjHPxuBZ4k\"': no such table: transactions"
[2026-09-25--05-20-28 ERROR surfpool::cli::simnet] Failed to process transaction: Internal error: "Storage error: Query failed for table 'transactions' in 'SQLite' database: Failed to store value for key '\"3xiJhKS1o34CnLG74DLMsWYaAWfcMNT7nAiYMtL6V42n1yF1UZgjhso3NBc2rUrWNtt7SN3RGE8gUVn2DtBzjX3w\"': no such table: transactions"
[2026-09-25--05-20-28 ERROR surfpool::cli::simnet] Failed to process transaction: Internal error: "Storage error: Query failed for table 'transactions' in 'SQLite' database: Failed to store value for key '\"3SYnNpcDtviFhvbjVpNHnGd7kLGw15Mz9g63JiycjfHmvLYYxTzZ5VTTgPKMTKaLwV15hH5XvRAuwcsHPf59pZfN\"': no such table: transactions"
[2026-09-25--05-20-28 ERROR surfpool::cli::simnet] Failed to process transaction: Internal error: "Storage error: Query failed for table 'transactions' in 'SQLite' database: Failed to store value for key '\"mLeM3WRpn6HKrq2JUBkzPwWH2xqbFDAedxHXYuHyYpVQAiCPJzrEb987xp2ERDUih7KpKRRoRZuCMDh63JaQZdW\"': no such table: transactions"
[2026-09-25--05-20-28 ERROR surfpool::cli::simnet] Failed to process transaction: Internal error: "Storage error: Query failed for table 'transactions' in 'SQLite' database: Failed to store value for key '\"2BsFc1yi6PYsp7BaSzaa1jBkBkWgj8QTXGH5UzmkRSxCQZfemEDc8VuACSUWuc9ySQFEwXSwmzmFhoeUuwD5TyD\"': no such table: transactions"
[2026-09-25--05-20-28 ERROR surfpool::cli::simnet] Failed to process transaction: Internal error: "Storage error: Query failed for table 'transactions' in 'SQLite' database: Failed to store value for key '\"Q9FtwfmnsPBKNg5XPnHEBGasYtCxPvw9iuSvaHeZ7vtacxMDzEpwK6ZofbMJbTEGMSoax7HdvLCUxQm2kik8YTU\"': no such table: transactions"
[2026-09-25--05-20-28 ERROR surfpool::cli::simnet] Failed to process transaction: Internal error: "Storage error: Query failed for table 'transactions' in 'SQLite' database: Failed to store value for key '\"4hP8gDavGsxVU7nuDKpXSwqmJw7EMe7mtx9WjvASbCNwcgJUY3UgmiQtivctQm17WTRupALXZFip9ijLx5AaZEza\"': no such table: transactions"
[2026-09-25--05-20-28 ERROR surfpool::cli::simnet] Failed to process transaction: Internal error: "Storage error: Query failed for table 'transactions' in 'SQLite' database: Failed to store value for key '\"21JfqDBZKVV7JiNsNS7ZER1J14LGywbhZtSKByAL8yY5A1bcwbuqBmmhxzu8eAnxekqi27mMWcTNeVp3rZzY8MvF\"': no such table: transactions"
[2026-09-25--05-20-28 ERROR surfpool::cli::simnet] Failed to process transaction: Internal error: "Storage error: Query failed for table 'transactions' in 'SQLite' database: Failed to store value for key '\"3arxB1yCeN3bXM9jBrVvV2QaRXvt36F6HR9UzvQhThWh7RCoNx1jj1zr1aE2u55WqWBKsTBfidnupryQneaKcqBG\"': no such table: transactions"
[2026-09-25--05-20-28 ERROR surfpool::cli::simnet] Failed to process transaction: Internal error: "Storage error: Query failed for table 'transactions' in 'SQLite' database: Failed to store value for key '\"3fv6YAGrkQbeqzdQ3zZKUjJsqiKJHNZxNfA4yncqy7mE2QoE6xhsZMcV1q9f2ctkY4Sr1SzWTNtUM6tiSpuhRgxW\"': no such table: transactions"
[2026-09-25--05-20-28 ERROR surfpool::cli::simnet] Failed to process transaction: Internal error: "Storage error: Query failed for table 'transactions' in 'SQLite' database: Failed to store value for key '\"3DA4Ex4uTTmzvXhgEKvatgZkBZxPW8yJ2NWohNGwfCNzFG66e7P659So18mQ38Ekug32hkvafY12X6vppyRXXPq5\"': no such table: transactions"
[2026-09-25--05-20-28 ERROR surfpool::cli::simnet] Failed to process transaction: Internal error: "Storage error: Query failed for table 'transactions' in 'SQLite' database: Failed to store value for key '\"5LRftNUog4Dr9KRgd9ydDg8UoNGaCjYfZPBpxi3V3eBRKrz2LrsoqzR5iMeW4PZC2b7UDQJ7zDB2pZ8pVPbGv81M\"': no such table: transactions"
[2026-09-25--05-20-28 ERROR surfpool::cli::simnet] Failed to process transaction: Internal error: "Storage error: Query failed for table 'transactions' in 'SQLite' database: Failed to store value for key '\"2CkbpVHG8p88wSp3wb8Buvac7wgiNkmZWWFNjDmBJtyE7zAwtovEyS4vUta5LPBJ4KuZXxRJkTpxKTE8ty4zTgw\"': no such table: transactions"
[2026-09-25--05-20-28 ERROR surfpool::cli::simnet] Failed to process transaction: Internal error: "Storage error: Query failed for table 'transactions' in 'SQLite' database: Failed to store value for key '\"QZekEyM8kD8jWcyZZcEVNLqgCX5vDAEFrmo7hHzpoa49mfoASUKPkaBfJzuMocVMqqxh7zvamKAirwhtfCL2PD6\"': no such table: transactions"
[2026-09-25--05-20-28 ERROR surfpool::cli::simnet] Failed to process transaction: Internal error: "Storage error: Query failed for table 'transactions' in 'SQLite' database: Failed to store value for key '\"64Z4vRYN9AH46Gywq4tva7o9zaZxMLzNzhhj88uRN9enzd9o9x8BU8pTgJRJ2sVvaECov8eNbUBeDCvtpSWJmEwn\"': no such table: transactions"
[2026-09-25--05-20-28 ERROR surfpool::cli::simnet] Failed to process transaction: Internal error: "Storage error: Query failed for table 'transactions' in 'SQLite' database: Failed to store value for key '\"2Wp95VV6eQzxVR34sw8LovCuU8gtAQNg7nRrBTpATeDTFJUiSYrw4pcuJg115eixgRUzvjSaBuiecXfYeqHQBk38\"': no such table: transactions"
[2026-09-25--05-20-28 ERROR surfpool::cli::simnet] Failed to process transaction: Internal error: "Storage error: Query failed for table 'transactions' in 'SQLite' database: Failed to store value for key '\"3ur1rEUnFRrFiUaQ5hUGVpXkYRuo8CiRb1w37dsf5qX5WgNzy6xjDNGxRK1p6ZcUXN2k9fWSLLXiSdNg2ZEKD9nK\"': no such table: transactions"
[2026-09-25--05-20-28 ERROR surfpool::cli::simnet] Failed to process transaction: Internal error: "Storage error: Query failed for table 'transactions' in 'SQLite' database: Failed to store value for key '\"5bfVxxB9yRCinBWBEiDfrvvZZ8mkoTwJNMHkmHZcdJbYcJSyz1bNwdjTpsXqc8ftS7Kst4QyiEPsjbqoaVjLHhuq\"': no such table: transactions"
[2026-09-25--05-20-28 ERROR surfpool::cli::simnet] Failed to process transaction: Internal error: "Storage error: Query failed for table 'transactions' in 'SQLite' database: Failed to store value for key '\"3UgyXEa8rbDC5RaMWvQGqY6CJSQSfzoX6RRYG6t7EaFU7Mw4y7W4an66Yukap8Kq2yxmfmArW6rNPZx6HF2qc3hL\"': no such table: transactions"
[2026-09-25--05-20-28 ERROR surfpool::cli::simnet] Failed to process transaction: Internal error: "Storage error: Query failed for table 'transactions' in 'SQLite' database: Failed to store value for key '\"2LH6qxRXcDJffbvsiixFitYA1PCEjZbHEyKQyfLMUcfFSSgncMtjHQks1WcXesTcMhqYw8y1swshwqK9m8gz3YCn\"': no such table: transactions"
[2026-09-25--05-20-28 ERROR surfpool::cli::simnet] Failed to process transaction: Internal error: "Storage error: Query failed for table 'transactions' in 'SQLite' database: Failed to store value for key '\"MVWUC7Hadx2jYWerqqNx1ofPLenHPEcgAw1mNEG92EtsVccstSUhPpXhJwiyEoDdeXzrUNfrvGX3zH7T3Ct61jd\"': no such table: transactions"
[2026-09-25--05-20-28 ERROR surfpool::cli::simnet] Failed to process transaction: Internal error: "Storage error: Query failed for table 'transactions' in 'SQLite' database: Failed to store value for key '\"2LFmYxEPKYjAQEAZAbMibP21ss5Zs1owVHhjT3Xo2NATwmutoddpU1SoMw1g1scvwhXE3M1sNDuZ1m9cj54KuNgX\"': no such table: transactions"
[2026-09-25--05-20-28 ERROR surfpool::cli::simnet] Failed to process transaction: Internal error: "Storage error: Query failed for table 'transactions' in 'SQLite' database: Failed to store value for key '\"42qE2PwBWEWD8gkM5r9oZPhWE5sE4C2em7ikesAWdU9gXtTro6vXrtX9d7vJ3H8DrdBXYaBQHdXVn3LLekhSeYze\"': no such table: transactions"
[2026-09-25--05-20-28 ERROR surfpool::cli::simnet] Failed to process transaction: Internal error: "Storage error: Query failed for table 'transactions' in 'SQLite' database: Failed to store value for key '\"QyR3fCfrXr4HCZmHNaHnxTuV4Furr6su7wfYmndU9QceRy9XLXrWin5HAQPUSGeWwYQjSebXDDjb8T9ADUMWvLP\"': no such table: transactions"
[2026-09-25--05-20-28 ERROR surfpool::cli::simnet] Failed to process transaction: Internal error: "Storage error: Query failed for table 'transactions' in 'SQLite' database: Failed to store value for key '\"3aYnuVWU2CzfuEVQx23vZNr4Au9bgH2GEtbJhH745nm7w4jhWfaRiypFFw7VTWPuf1kCrDeDCPVdLSbSUq34XyeZ\"': no such table: transactions"
[2026-09-25--05-20-28 ERROR surfpool::cli::simnet] Failed to process transaction: Internal error: "Storage error: Query failed for table 'transactions' in 'SQLite' database: Failed to store value for key '\"3mxvADfTKM3NRjhGSQZ8TcTkgT7vGYFub4jkJjqH2j9gFqYunex28caqcH71GF3srxRWQYWwiP2drcVUJ6gFRRbu\"': no such table: transactions"
[2026-09-25--05-20-28 ERROR surfpool::cli::simnet] Failed to process transaction: Internal error: "Storage error: Query failed for table 'transactions' in 'SQLite' database: Failed to store value for key '\"4cgeMV5HRH5aXTD5e8u9MKXmV4uXn5bUXBwoshhTVcn4pYRHKQ5Jnj5ZbhjAK6rSdfPzyXuzJTR9K6NiNi5JU4vR\"': no such table: transactions"
[2026-09-25--05-20-28 ERROR surfpool::cli::simnet] Failed to process transaction: Internal error: "Storage error: Query failed for table 'transactions' in 'SQLite' database: Failed to store value for key '\"597o35BpAg873UFe1DdDHQogDoGgqvsAkVsn9G7ENbB6RebonYrHFJ2zYvjDKtaeRzxHdQoKLX8EY3V7xspKhG1e\"': no such table: transactions"
[2026-09-25--05-20-28 ERROR surfpool::cli::simnet] Failed to process transaction: Internal error: "Storage error: Query failed for table 'transactions' in 'SQLite' database: Failed to store value for key '\"3S13SZLXRonwSv9kwWWCdELLSD594LsShQL7siMVUNruNpNs28wsuNAykmVdYN8EBQQTMfyXooLJeaGy52CFk3zV\"': no such table: transactions"
[2026-09-25--05-20-28 ERROR surfpool::cli::simnet] Failed to process transaction: Internal error: "Storage error: Query failed for table 'transactions' in 'SQLite' database: Failed to store value for key '\"2Niow5CnRtL4R7fsb2eW6Y1BXSxw7cL6umNSzxUm2Mv2HhMMwTtv8i6h3NSxHp3zuW1nDpYxVJ4MD1viy3enkaKh\"': no such table: transactions"
[2026-09-25--05-20-28 ERROR surfpool::cli::simnet] Failed to process transaction: Internal error: "Storage error: Query failed for table 'transactions' in 'SQLite' database: Failed to store value for key '\"3TeHiq7wzN5NnuVwb8aueiRuuREycrtw9grGsvetTQuQXLeCFLrReYEfotTFgwgUdLwi7VN8M1jMQyHz4moTAKAk\"': no such table: transactions"
[2026-09-25--05-20-28 ERROR surfpool::cli::simnet] Failed to process transaction: Internal error: "Storage error: Query failed for table 'transactions' in 'SQLite' database: Failed to store value for key '\"dDiMcyD2nitzdx5o3ppV4pT6XiMELn8T4MopzZfdVKyXrWoyFv9i8EKNmoB7JmoM3syNZN2BPW19QCVrmEkQUiC\"': no such table: transactions"
[2026-09-25--05-20-28 ERROR surfpool::cli::simnet] Failed to process transaction: Internal error: "Storage error: Query failed for table 'transactions' in 'SQLite' database: Failed to store value for key '\"5twaq2PBgXgCmmKCToZMiHdxbYhJEV2yQEAW98rhSi1p9af7qLYWYaEDMA167W3Gc65VaGJmdBWU47LTCQzFgEZX\"': no such table: transactions"
[2026-09-25--05-20-28 ERROR surfpool::cli::simnet] Failed to process transaction: Internal error: "Storage error: Query failed for table 'transactions' in 'SQLite' database: Failed to store value for key '\"1WynJv9TuAkCg3mqTFRtp7xkvw36u9SmH8LhVTgovwuyFq57frEAdsezo6SBgCDNRXyJjkwnsL2feVssaHK5QbV\"': no such table: transactions"
[2026-09-25--05-20-28 ERROR surfpool::cli::simnet] Failed to process transaction: Internal error: "Storage error: Query failed for table 'transactions' in 'SQLite' database: Failed to store value for key '\"mUdLeBwngWr5oo8vkfgUjMViouDJhpccoNaYvJGHV2w7Va1Kf6hY5cyM2oLxvRXsCK361KwNZrRsxa5t4BoLjN8\"': no such table: transactions"
[2026-09-25--05-20-28 ERROR surfpool::cli::simnet] Failed to process transaction: Internal error: "Storage error: Query failed for table 'transactions' in 'SQLite' database: Failed to store value for key '\"4TNMcAYgiZxbh4UaFraFzNXpoSkazR8vH393TasWnjrR5L1QUHHg2jTYXhWJeLw5E7TtMa4JhLoMPXQkF2g6ApAB\"': no such table: transactions"
[2026-09-25--05-20-28 ERROR surfpool::cli::simnet] Failed to process transaction: Internal error: "Storage error: Query failed for table 'transactions' in 'SQLite' database: Failed to store value for key '\"Tp9zGJqNg2uz6BtLWmrmTxaWpmcbZUw24pbDejDW9AA7UerVcvzvCbX542Lz7GmS6FpFcoSF2MuPMkM3ktq7JcX\"': no such table: transactions"
[2026-09-25--05-20-28 ERROR surfpool::cli::simnet] Failed to process transaction: Internal error: "Storage error: Query failed for table 'transactions' in 'SQLite' database: Failed to store value for key '\"UKgZP7zzHWL5WyhSyxYevZsuSJivbAPWPwrfh56cJLhjXPy8uA63T3AT4qNAJhX9gGGpU7joN6vgJWiNzAPMukM\"': no such table: transactions"
[2026-09-25--05-20-28 ERROR surfpool::cli::simnet] Failed to process transaction: Internal error: "Storage error: Query failed for table 'transactions' in 'SQLite' database: Failed to store value for key '\"2fYsP1gHhJ5j246fFLB2qowqNbE6j6AgpDMsTC8CciQ1tM6XUihvgVjFWaiKr9o9xmNgusRENtvaytCJRNL4ruyE\"': no such table: transactions"
[2026-09-25--05-20-28 ERROR surfpool::cli::simnet] Failed to process transaction: Internal error: "Storage error: Query failed for table 'transactions' in 'SQLite' database: Failed to store value for key '\"5maHJhxpgZCFiHbnr4m9L6fehca1C1ejUYrbDDFHKQXGTARPJ3fMq1jJTPKRLc2SifjMRrERxBmxCED7wtc5WVtZ\"': no such table: transactions"
[2026-09-25--05-20-28 ERROR surfpool::cli::simnet] Failed to process transaction: Internal error: "Storage error: Query failed for table 'transactions' in 'SQLite' database: Failed to store value for key '\"4pNqNi7HHzphBwC2PGP6gdYgnTQWFQvVCk91q5d4XomJHKkhLn1DkUuA3G7cG59GB6eHyMHeKaKvSWLNtBzz82ot\"': no such table: transactions"
[2026-09-25--05-20-28 ERROR surfpool::cli::simnet] Failed to process transaction: Internal error: "Storage error: Query failed for table 'transactions' in 'SQLite' database: Failed to store value for key '\"3Hk2xXW29z9XmMx6qxCEL2X6NLUpeupYQKgUCUsgQm1etQVhznuY9eZAVqvajW53kyS1ZHP6c5RKaWYTob7A4Dcb\"': no such table: transactions"
[2026-09-25--05-20-28 ERROR surfpool::cli::simnet] Failed to process transaction: Internal error: "Storage error: Query failed for table 'transactions' in 'SQLite' database: Failed to store value for key '\"SHYKrybi7V3pAy2CyQzbVpUPGz4PSS864Gg3Rj8M3EhTYN5dnNG48GpqfykQCWBzVB32HVzgA5EcTq3GCjGjQNG\"': no such table: transactions"
[2026-09-25--05-20-28 ERROR surfpool::cli::simnet] Failed to process transaction: Internal error: "Storage error: Query failed for table 'transactions' in 'SQLite' database: Failed to store value for key '\"61UMdqVeZ4ViUsznxVb6phyPDkB8xhTc9jULYRc5TD8ZpYoF8ZEQaRw9BcJo4aWDp2CXN2YPhzgh27LuDxdDE8Q\"': no such table: transactions"
[2026-09-25--05-20-28 ERROR surfpool::cli::simnet] Failed to process transaction: Internal error: "Storage error: Query failed for table 'transactions' in 'SQLite' database: Failed to store value for key '\"2PVAwZoRLC4PDZQC4hdsW9uEVCEz8bTfsnsU3uzcd6e4eDiPvb1ScnicVwsm6Rmr2KFf87d1uQhthieHUYA1uZxE\"': no such table: transactions"
[2026-09-25--05-20-28 ERROR surfpool::cli::simnet] Failed to process transaction: Internal error: "Storage error: Query failed for table 'transactions' in 'SQLite' database: Failed to store value for key '\"3DBZCmX593k6w73xAGfwCEHn9wPY6gi1yxb2iDzvis9yLrWr2Zib5cvtc4tGvumJitoaqL71oswPvQJTcMV8FYYC\"': no such table: transactions"
[2026-09-25--05-20-28 ERROR surfpool::cli::simnet] Failed to process transaction: Internal error: "Storage error: Query failed for table 'transactions' in 'SQLite' database: Failed to store value for key '\"5F9Ddo6qVfXYneiQesy9wjzdsiEUm3YKqpNRWwZfaLuM2MyXMGDkdqA2D2he2pehGo1nSXgXLFmkTRMT814BSYyT\"': no such table: transactions"
[2026-09-25--05-20-28 ERROR surfpool::cli::simnet] Failed to process transaction: Internal error: "Storage error: Query failed for table 'transactions' in 'SQLite' database: Failed to store value for key '\"3J2Dc4weW63Tw7Rg1RdoUpWtMVyhXYasvFM7yAFgJjvb2NbohHRQSvKi9f6v6nm5wyg4ip3oSGXCFvXFrQ41nu3V\"': no such table: transactions"
[2026-09-25--05-20-28 ERROR surfpool::cli::simnet] Failed to process transaction: Internal error: "Storage error: Query failed for table 'transactions' in 'SQLite' database: Failed to store value for key '\"5KR4mibsB5TrfA7hxxAZ1RK4s1XK1F6u8511Cbo7hfcW4SkF655UHvU1gngRcAPEn3yyPi9duqrvx7HwcA5a1VSY\"': no such table: transactions"
[2026-09-25--05-20-28 ERROR surfpool::cli::simnet] Failed to process transaction: Internal error: "Storage error: Query failed for table 'transactions' in 'SQLite' database: Failed to store value for key '\"gDrGMvbi44GdQ2K9c2Ssm36zADNY5kmJgb6GNeG24mqWZ2bjd6VvWHE77b1z9V184GXJG6hx2SzjCUh6p5h2Pt1\"': no such table: transactions"
[2026-09-25--05-20-28 ERROR surfpool::cli::simnet] Failed to process transaction: Internal error: "Storage error: Query failed for table 'transactions' in 'SQLite' database: Failed to store value for key '\"5vzutB3aTzcXJcm6dbb217wgcWNGjPSeAWx4wtbCt77aQMe8KA5x3x4HmmxE8Hxw1AuzHbkZduJDdWvXGNmEKJyG\"': no such table: transactions"
[2026-09-25--05-20-29 ERROR surfpool::cli::simnet] Failed to process transaction: Internal error: "Storage error: Query failed for table 'transactions' in 'SQLite' database: Failed to store value for key '\"2NfFarhvr1pM7S8B8dZY9isDqpWc2W2UcaToomPYtvL74qpsmLXHpGd4NHd25eZoFHU2admFHLd3pVnM2f3dQyTi\"': no such table: transactions"
[2026-09-25--05-20-29 ERROR surfpool::cli::simnet] Failed to process transaction: Internal error: "Storage error: Query failed for table 'transactions' in 'SQLite' database: Failed to store value for key '\"4nAaTBXnEUNPBU7ijBDY45pA9cJ8WGVS5sWWBkCsnNMFN6EpmXAMVmYykjd6BTgfYzLrHLCzC4sCVvVQai4QXDjR\"': no such table: transactions"
[2026-09-25--05-20-29 ERROR surfpool::cli::simnet] Failed to process transaction: Internal error: "Storage error: Query failed for table 'transactions' in 'SQLite' database: Failed to store value for key '\"5QRbJoYGMV9xXZqE6XFeV9oCqhjVGzqNniXoq18AomTPRtrFQ86E7sQPmvvZVhhDk1QBc6i2HqXatBLfGsTeTAmr\"': no such table: transactions"
[2026-09-25--05-20-29 ERROR surfpool::cli::simnet] Failed to process transaction: Internal error: "Storage error: Query failed for table 'transactions' in 'SQLite' database: Failed to store value for key '\"4CtGqkXQ9C1Zbhp8KonLsbcsZ4FBiM5kWubRxa4qvTUcFpGa26qqqKUnPb1UuQztzu9xh7UNxfBqKBfJkwAf5uK1\"': no such table: transactions"
[2026-09-25--05-20-29 ERROR surfpool::cli::simnet] Failed to process transaction: Internal error: "Storage error: Query failed for table 'transactions' in 'SQLite' database: Failed to store value for key '\"5PtKYQSkSvP9WMTTcSmQ6HykpTgDYGgwDQxsHm4HF6JYnjjNeHMz7t5yFHiJtch5YnwEUUgUermyco6BvyoLhmrN\"': no such table: transactions"
[2026-09-25--05-20-29 ERROR surfpool::cli::simnet] Failed to process transaction: Internal error: "Storage error: Query failed for table 'transactions' in 'SQLite' database: Failed to store value for key '\"5fbthYwFDRUXmR9TkcmpquDYmyXvHvSFRQio7EYp5Fbszdi6RaP7Tf3UzqC4YyMSdrmVAWwGhxeitk9qxoF25K1K\"': no such table: transactions"
[2026-09-25--05-20-29 ERROR surfpool::cli::simnet] Failed to process transaction: Internal error: "Storage error: Query failed for table 'transactions' in 'SQLite' database: Failed to store value for key '\"a1gTYBX9nC4wjT8Xg3eRwC9AqgaTnuJXkiNsHQvWKr2ofUL9N6FfsynnQFQJm2Pjm3oSJxLFZ4wWEqbgK9gHqFk\"': no such table: transactions"
[2026-09-25--05-20-29 ERROR surfpool::cli::simnet] Failed to process transaction: Internal error: "Storage error: Query failed for table 'transactions' in 'SQLite' database: Failed to store value for key '\"3SVfqYA5KKaiuA9MmDrSzqveMs2rSE5oQYZwbNeP343QoDyw741QkAUKpH8kFxmkw5EGCVGQmUsGCKao9CNF18Ks\"': no such table: transactions"
[2026-09-25--05-20-29 ERROR surfpool::cli::simnet] Failed to process transaction: Internal error: "Storage error: Query failed for table 'transactions' in 'SQLite' database: Failed to store value for key '\"3HESvYBoz4poxp4XaMGBdP1soPakrXhZiLZufceFv1oHz4tFq1HGE3f22H9fx71TY1jDmkhEQZ4CQCB2sA2zRhdA\"': no such table: transactions"
[2026-09-25--05-20-29 ERROR surfpool::cli::simnet] Failed to process transaction: Internal error: "Storage error: Query failed for table 'transactions' in 'SQLite' database: Failed to store value for key '\"fRXGtTePo822uG6NXh2aYzV2Jfvik8xESfCJmRppVnFMQ4mQR5RGcTXpyvW7mb8fSXDkKfN4ST9ZYpBc6NoRBPc\"': no such table: transactions"
[2026-09-25--05-20-29 ERROR surfpool::cli::simnet] Failed to process transaction: Internal error: "Storage error: Query failed for table 'transactions' in 'SQLite' database: Failed to store value for key '\"27NSk1GDUDpTaokLQqBbaiPZkcAfzdhjNtPTrPGg8QyC8x1DxdX3mLA4TgGum47N1WMXFGWs46knErGSDL5QnSDN\"': no such table: transactions"
[2026-09-25--05-20-29 ERROR surfpool::cli::simnet] Failed to process transaction: Internal error: "Storage error: Query failed for table 'transactions' in 'SQLite' database: Failed to store value for key '\"4RtUQKet4szm2WjMd1EdCkJY9xxadAsBy6bNaDVo5jZEzZCaosLRZWmggRegu5XE9x6a2yb9weNJgZQSkqX4RwYt\"': no such table: transactions"
[2026-09-25--05-20-29 ERROR surfpool::cli::simnet] Failed to process transaction: Internal error: "Storage error: Query failed for table 'transactions' in 'SQLite' database: Failed to store value for key '\"51KMDifjai8unqn58XCJFkLWzN2mu47CYHtS9CzTcq3eAMCcTPGZN4uHRYfRZtipxwP2We5dEA7mi3Nu4xFgjSGZ\"': no such table: transactions"
[2026-09-25--05-20-29 ERROR surfpool::cli::simnet] Failed to process transaction: Internal error: "Storage error: Query failed for table 'transactions' in 'SQLite' database: Failed to store value for key '\"5Ym1tcBYnCnAQ93W1zCYmQoFg3RSqjWL9RATKX92Lp647sK5nPfdxPbo45e5R38EezDWZnuGdbtXEospi9yiWLHe\"': no such table: transactions"
[2026-09-25--05-20-29 ERROR surfpool::cli::simnet] Failed to process transaction: Internal error: "Storage error: Query failed for table 'transactions' in 'SQLite' database: Failed to store value for key '\"5CBRPGps3jdy9KwMa3T1AsgHdzB8AuN9WHxUXsxB6LJEdsXMqdzzLDhWUAmrG4sGmqSY2dEhDd3L9Uk8UgHtgyGy\"': no such table: transactions"
[2026-09-25--05-20-29 ERROR surfpool::cli::simnet] Failed to process transaction: Internal error: "Storage error: Query failed for table 'transactions' in 'SQLite' database: Failed to store value for key '\"679qxQrMdWyoTHSZwa4qEFn9XvEn6xFRQdVEy4a26dyxMVyfCgtJHdBRpEugNcd73eXc4qkirfdrCiEgBoCHuuYy\"': no such table: transactions"
[2026-09-25--05-20-29 ERROR surfpool::cli::simnet] Failed to process transaction: Internal error: "Storage error: Query failed for table 'transactions' in 'SQLite' database: Failed to store value for key '\"2LEQVPz7GJcnSRwffQVmicqJdjDpD3dYARSNAxPQbh2F6aJYkytbnDpMgstXduuey9VGmYt8N1S92aBVDBsKztA7\"': no such table: transactions"
[2026-09-25--05-20-29 ERROR surfpool::cli::simnet] Failed to process transaction: Internal error: "Storage error: Query failed for table 'transactions' in 'SQLite' database: Failed to store value for key '\"W1G9z3hAA7zY2bkEFbkv92iSjqBaejDFK9FMW6Sxa2NFoWjD2gywY7ERxYkCu9cUyXXpFnUdCACkNSuTHFRJYN6\"': no such table: transactions"
[2026-09-25--05-20-29 ERROR surfpool::cli::simnet] Failed to process transaction: Internal error: "Storage error: Query failed for table 'transactions' in 'SQLite' database: Failed to store value for key '\"4rw54867eVTfjJaVhEyWRFnPh4SCGUA9KFhrkn7HHUuYTfxU6evBYgWxV6keNe2BSnqZMWasrYPz3Yt39R29uQVw\"': no such table: transactions"
[2026-09-25--05-20-29 ERROR surfpool::cli::simnet] Failed to process transaction: Internal error: "Storage error: Query failed for table 'transactions' in 'SQLite' database: Failed to store value for key '\"4TeEBT4LzREigoM5wSJY6NPodRzrAogcKPWkR4qufx8rxDPCQbismbXh2v6xjrL61fqD61D8epsBwji2SQkpuE1B\"': no such table: transactions"
[2026-09-25--05-20-29 ERROR surfpool::cli::simnet] Failed to process transaction: Internal error: "Storage error: Query failed for table 'transactions' in 'SQLite' database: Failed to store value for key '\"3HtxVGfUism2CrgQSfswjWt4Fto8Ks3LFYLRMtW7EaNtccZb1u71G39XaQNkbBkMN2KhjW6Y5VXNPCpBcLDyhNoh\"': no such table: transactions"
[2026-09-25--05-20-29 ERROR surfpool::cli::simnet] Failed to process transaction: Internal error: "Storage error: Query failed for table 'transactions' in 'SQLite' database: Failed to store value for key '\"PdTkmhE9h6zX9PSSNA4VQ62QZ5faS4fALRmXWn3oo3rWosJRpq9Rhtd9yq6yUFf1zpgunZoFvcMZZLgB2Ug3BHU\"': no such table: transactions"
[2026-09-25--05-20-29 ERROR surfpool::cli::simnet] Failed to process transaction: Internal error: "Storage error: Query failed for table 'transactions' in 'SQLite' database: Failed to store value for key '\"5AfuP5HhmRKByaNAqPq5iuzHxS7Kr6jmZS9h5kFbw4uiy6QGu2a4RULL6YcTPVKmfvWMfv1TgJBniWk4NGkLd7Ue\"': no such table: transactions"
[2026-09-25--05-20-29 ERROR surfpool::cli::simnet] Failed to process transaction: Internal error: "Storage error: Query failed for table 'transactions' in 'SQLite' database: Failed to store value for key '\"4ntXcBWmN5oX9DbF2YmdA2oJYZvo41tA4WBeBfMhmYLMcdwZBMJJfkYHcBBGiQcFRPfkpzgfVNdZSy3QX8ECofTD\"': no such table: transactions"
[2026-09-25--05-20-29 ERROR surfpool::cli::simnet] Failed to process transaction: Internal error: "Storage error: Query failed for table 'transactions' in 'SQLite' database: Failed to store value for key '\"4wTFjMwDAQ5GvnwuikhtcajR3t1WsEYkxb3dSqiEhD5HLDmzAKNUrywRaKDKDVpnv1bmE8Yi6dZTCr4MhKCsMSkd\"': no such table: transactions"
[2026-09-25--05-20-29 ERROR surfpool::cli::simnet] Failed to process transaction: Internal error: "Storage error: Query failed for table 'transactions' in 'SQLite' database: Failed to store value for key '\"5HMHUKvcPcQbAr8L7XpLoFCyRm4s74vije4Wuk2Si5aS3sfUzXmGtbYYY86kdznNkUqzxLabHsv2Sthe47wA9sLZ\"': no such table: transactions"
[2026-09-25--05-20-29 ERROR surfpool::cli::simnet] Failed to process transaction: Internal error: "Storage error: Query failed for table 'transactions' in 'SQLite' database: Failed to store value for key '\"4g1FEjvbj7GD1v1Dh4GSEmxaL21sEaoaTfHLmyzHk4CDVqqTdPXLKEtx6EjvmJfupkDCpTYKnR6UkCePvE3b3FRr\"': no such table: transactions"
[2026-09-25--05-20-29 ERROR surfpool::cli::simnet] Failed to process transaction: Internal error: "Storage error: Query failed for table 'transactions' in 'SQLite' database: Failed to store value for key '\"5g6cRpPDeFKjhfsU4cjyvxZ2f6F2LVYBTVgZGvMqhRAtzqLbB4mixdJ6Mrx1HL1GDkN4p2hehFbfMXXkKaynKWzd\"': no such table: transactions"
[2026-09-25--05-20-29 ERROR surfpool::cli::simnet] Failed to process transaction: Internal error: "Storage error: Query failed for table 'transactions' in 'SQLite' database: Failed to store value for key '\"3QWGNGajKaAgevXDhwwY4L9mf1dWCZqbg5V9C1sF9sgr7Pm83x5KTgHhzfP4SP7sKswphjPDUdsuiHkmoXkGvCSt\"': no such table: transactions"
[2026-09-25--05-20-29 ERROR surfpool::cli::simnet] Failed to process transaction: Internal error: "Storage error: Query failed for table 'transactions' in 'SQLite' database: Failed to store value for key '\"Gj6hS7EkYuqrpG1kvroKCX2Ru3YDT3CEbPrauXKEvjh4sMxfydpLwrTp2TXwtJjYEd5A9x6nM4TFupmHs9X8PsW\"': no such table: transactions"
[2026-09-25--05-20-29 ERROR surfpool::cli::simnet] Failed to process transaction: Internal error: "Storage error: Query failed for table 'transactions' in 'SQLite' database: Failed to store value for key '\"3vvv8PhGkhiMmNEpxxhxkWZ3PNAhbY4t1dD2Kmgb9uKKhj8WBzDvKc6GrX8wxqJAB4RM278KZvCzfgE14gnUJFFh\"': no such table: transactions"
[2026-09-25--05-20-29 ERROR surfpool::cli::simnet] Failed to process transaction: Internal error: "Storage error: Query failed for table 'transactions' in 'SQLite' database: Failed to store value for key '\"A3i43Wx124aDashMQvTnRqsvBV2mfZMhFhqr97Nx8s5UuGQ9Q3ztsyexvmuKzCmMmA97ke2pKBGdkWHfudppN6i\"': no such table: transactions"
[2026-09-25--05-20-29 ERROR surfpool::cli::simnet] Failed to process transaction: Internal error: "Storage error: Query failed for table 'transactions' in 'SQLite' database: Failed to store value for key '\"2Q2vWiZTMNzu7rQHAMJkhj2jdNMphSqjyP87AjibJPpL722VBLGS3gbvE1ydpWRctoAsWxgVmVH2yR3vpUdfRUnc\"': no such table: transactions"
[2026-09-25--05-20-29 ERROR surfpool::cli::simnet] Failed to process transaction: Internal error: "Storage error: Query failed for table 'transactions' in 'SQLite' database: Failed to store value for key '\"3kcUKGRyQf612xLkS9iTpQeoEzqJagoZS6cWAFTJ4FrvS2pz4pWiynhR9VZMriVmFzkuERzcDjMohZHjbtFs6hJj\"': no such table: transactions"
[2026-09-25--05-20-29 ERROR surfpool::cli::simnet] Failed to process transaction: Internal error: "Storage error: Query failed for table 'transactions' in 'SQLite' database: Failed to store value for key '\"6pXuh8oyGVUdMP88sGFRP3K8grdfvzW1hUie8RCnLthCrgSM9XHXL6kKbzRexcsX8CQyFaHd8Qoo3eFUZ6R97DQ\"': no such table: transactions"
[2026-09-25--05-20-29 ERROR surfpool::cli::simnet] Failed to process transaction: Internal error: "Storage error: Query failed for table 'transactions' in 'SQLite' database: Failed to store value for key '\"XmoN41Z3ZTXG8rC1oC78XiJMXTpodMXydXuLQW6fm9zXLjf75MERXKhpuqcHUD9xUk9pJYXHnq9jWK4Z9W9gkZA\"': no such table: transactions"
[2026-09-25--05-20-29 ERROR surfpool::cli::simnet] Failed to process transaction: Internal error: "Storage error: Query failed for table 'transactions' in 'SQLite' database: Failed to store value for key '\"3Afg3kEvSAeYkPqgTZbjHxd9BDf3JDdYTtCBwg26P5Ykswyp7m8yRNFFw62Y3vGANd5hXVWMuJfeHxyKkvcZ7pke\"': no such table: transactions"
[2026-09-25--05-20-29 ERROR surfpool::cli::simnet] Failed to process transaction: Internal error: "Storage error: Query failed for table 'transactions' in 'SQLite' database: Failed to store value for key '\"3KHiXDyeDR4A1ZfpeoAecfdn9Xmust3CEjfZipzNWJ7TsWdZCWPTdzbP7kVXeKxE1XiXeH5ejnYb6KqYKcuY4e6D\"': no such table: transactions"
[2026-09-25--05-20-29 ERROR surfpool::cli::simnet] Failed to process transaction: Internal error: "Storage error: Query failed for table 'transactions' in 'SQLite' database: Failed to store value for key '\"3F8LKJXHGiwLfg7MoqLYzKa8BkagFgqtbh3b9hj7Fi9trPVKF6CkDpEr72sDYRakVGR4Zqyw9xJG7DRAE6XN148w\"': no such table: transactions"
[2026-09-25--05-20-29 ERROR surfpool::cli::simnet] Failed to process transaction: Internal error: "Storage error: Query failed for table 'transactions' in 'SQLite' database: Failed to store value for key '\"54bYFZtNBGThSzUAjjR54GcWpuGbNgZWdaA2X4RpbjXYq94yrrRCCR3CxLC9wAWropKJGJwjo43tE2B9nhfmoTF1\"': no such table: transactions"
[2026-09-25--05-20-29 ERROR surfpool::cli::simnet] Failed to process transaction: Internal error: "Storage error: Query failed for table 'transactions' in 'SQLite' database: Failed to store value for key '\"beskLfreEts3hSP2zfz5fKFFoeG2mfeEaA6pjZhvKZM27P3MBK9o9BVBQfejyn4rucDDq22JTZUNZDZMffQwmfU\"': no such table: transactions"
[2026-09-25--05-20-29 ERROR surfpool::cli::simnet] Failed to process transaction: Internal error: "Storage error: Query failed for table 'transactions' in 'SQLite' database: Failed to store value for key '\"JykFbATsGLUyX1M98PALQx6rPGfSn7CBt6iAJb1yYX2aJMz4oNq2LeW6YStAyjhJgfEjTM7DQ9Sy1ppsfRfbfBx\"': no such table: transactions"
[2026-09-25--05-20-29 ERROR surfpool::cli::simnet] Failed to process transaction: Internal error: "Storage error: Query failed for table 'transactions' in 'SQLite' database: Failed to store value for key '\"2FQjba2EnvpL3aXC3Y2RKDNTfoGNi55T7TzFqZFWTPLD2W5o6dkgXat1SDWB3wAo4Q7X6V73L9vgxNMbD9a3bQb4\"': no such table: transactions"
[2026-09-25--05-20-29 ERROR surfpool::cli::simnet] Failed to process transaction: Internal error: "Storage error: Query failed for table 'transactions' in 'SQLite' database: Failed to store value for key '\"5FwBnbePFqQ8woRntX2SwDFxhZVsrALxkZXJQ53otebfUvY8biQ8WC1gpGtEfW2pcHhhVsStvBwmaKjJURKMfcKT\"': no such table: transactions"
[2026-09-25--05-20-29 ERROR surfpool::cli::simnet] Failed to process transaction: Internal error: "Storage error: Query failed for table 'transactions' in 'SQLite' database: Failed to store value for key '\"5REQ71pwbPELTddPwBThuv2R8MNSD97PoRGRe3RGdLTuFNxwJbPdtBpq7Dt5bHi3aZSPPyJru6tEcSRRiaVQLreR\"': no such table: transactions"
[2026-09-25--05-20-29 ERROR surfpool::cli::simnet] Failed to process transaction: Internal error: "Storage error: Query failed for table 'transactions' in 'SQLite' database: Failed to store value for key '\"4V7ERZyQkdZaGKiVanotEbEgnbY4bqkLPSAvTpA5jeya9Bgtv3MGMgsueBRfrjAzPmABtrEjwzsThUFYvhSG5F2e\"': no such table: transactions"
[2026-09-25--05-20-29 ERROR surfpool::cli::simnet] Failed to process transaction: Internal error: "Storage error: Query failed for table 'transactions' in 'SQLite' database: Failed to store value for key '\"5CgTVGoJCmooAjSEd6mkJDG9XssYabDHYpYX46y1EMc3r6HzWNmrVFkRMY8eeMCzD5LCQSPAbnnKkdcu39AD6gV5\"': no such table: transactions"
[2026-09-25--05-20-29 ERROR surfpool::cli::simnet] Failed to process transaction: Internal error: "Storage error: Query failed for table 'transactions' in 'SQLite' database: Failed to store value for key '\"3jK8xn2GWjXvpzpUbbYghkqfFUEP2xPcGwyZH7vFb8QTSU7RvAntDCyXBq9A9wzzHQbC731kuz6VA6iHx1L9osua\"': no such table: transactions"
[2026-09-25--05-20-29 ERROR surfpool::cli::simnet] Failed to process transaction: Internal error: "Storage error: Query failed for table 'transactions' in 'SQLite' database: Failed to store value for key '\"3V1xgmAza8pfKYpxdDC1N6VYqEfh5hriAtoKNRq5UxcQsLcxj525ZEZvnEFAHtEZ9WVWz9sKcokAHVBm4ZXZ4Qcc\"': no such table: transactions"
[2026-09-25--05-20-29 ERROR surfpool::cli::simnet] Failed to process transaction: Internal error: "Storage error: Query failed for table 'transactions' in 'SQLite' database: Failed to store value for key '\"4iA2g7mmNhfrSSQ6336ST7fq1tZe8AasdNGCiFiWwPTrTT1sECanrbEzxiqKyK4WG5PyuZ1VtWGati4MYVQkB6F6\"': no such table: transactions"
[2026-09-25--05-20-29 ERROR surfpool::cli::simnet] Failed to process transaction: Internal error: "Storage error: Query failed for table 'transactions' in 'SQLite' database: Failed to store value for key '\"2XtShPcb5T7aFfRF1cXGs63AATF25XVHGKpGf67EnAHbKoHeXpmSgXdYL4UPZnKA5QoijMBNFNd5G5QUJRekrCRG\"': no such table: transactions"
[2026-09-25--05-20-29 ERROR surfpool::cli::simnet] Failed to process transaction: Internal error: "Storage error: Query failed for table 'transactions' in 'SQLite' database: Failed to store value for key '\"5UPw28McPc7KJgCE3pDy3NtQTqztRAxYLWe548cbDUk3fPx4vz9Dqar3znkE7BgpvY4gcN3hva2HE6b7SfcMWkQU\"': no such table: transactions"
[2026-09-25--05-20-29 ERROR surfpool::cli::simnet] Failed to process transaction: Internal error: "Storage error: Query failed for table 'transactions' in 'SQLite' database: Failed to store value for key '\"4a78bkzyQBdPuuz6V6V92TWYo85tudEbPkP4Q8NS2HqukBHcTKiiHLyxQpyhSMMMabjKx4JT4wrbe1bWUZuQXPyW\"': no such table: transactions"
[2026-09-25--05-20-29 ERROR surfpool::cli::simnet] Failed to process transaction: Internal error: "Storage error: Query failed for table 'transactions' in 'SQLite' database: Failed to store value for key '\"5sjkbUpNarpEojM8PFWVm6zWkAZeUyYaSBR75tQxPjjRGz5cJtn6uLDJdyG2L9wKn27Bodqg5afcnTxwbncmGUTb\"': no such table: transactions"
[2026-09-25--05-20-29 ERROR surfpool::cli::simnet] Failed to process transaction: Internal error: "Storage error: Query failed for table 'transactions' in 'SQLite' database: Failed to store value for key '\"4tK6H4GKTMDDBUSRU1qo7KAwVRw55pf1LBuD5be7UTUhsnU3siCx63ieeK9XSViU1XAxSZXSBhsrqV2TiSeVxK2F\"': no such table: transactions"
[2026-09-25--05-20-29 ERROR surfpool::cli::simnet] Failed to process transaction: Internal error: "Storage error: Query failed for table 'transactions' in 'SQLite' database: Failed to store value for key '\"4Upp5hSi6kiZt9iqf8VWwLv1LME3jf1JueF4bNr3u9GRKZFtyHizktYk5zFWwpajVNR2sXzqn6vqogsa6xFKWRNx\"': no such table: transactions"
[2026-09-25--05-20-29 ERROR surfpool::cli::simnet] Failed to process transaction: Internal error: "Storage error: Query failed for table 'transactions' in 'SQLite' database: Failed to store value for key '\"3UQCtQLq2D57wqFnZ5wuvsAgKpZJXLQGoh9BxhQA6XHUCC5sT2vNp24PRV77AYxzzcCuPxaZ7Cg5fzyo7VVioCFQ\"': no such table: transactions"
[2026-09-25--05-20-29 ERROR surfpool::cli::simnet] Failed to process transaction: Internal error: "Storage error: Query failed for table 'transactions' in 'SQLite' database: Failed to store value for key '\"52SkFNVgy1vZrcwS7vR2YxiSRrXyeVtQWi13gU9bV2Q4Coq3kYBYGz9qyA9djeRGUSoMemhETveWDFRHVP83kJgT\"': no such table: transactions"
[2026-09-25--05-20-29 ERROR surfpool::cli::simnet] Failed to process transaction: Internal error: "Storage error: Query failed for table 'transactions' in 'SQLite' database: Failed to store value for key '\"LeFCarxXA5BJC3qRJUFfm2q7RLHiFhvmUK63o35nFdodJsggtvueWt4hGvjEBcqW7CQGL5UadEjAPfTTp5z3hBB\"': no such table: transactions"
[2026-09-25--05-20-29 ERROR surfpool::cli::simnet] Failed to process transaction: Internal error: "Storage error: Query failed for table 'transactions' in 'SQLite' database: Failed to store value for key '\"2ssSh8u4gwc58T7C8GySipDQyfjRhFV43zdJAdycrZHnqhhgyyaNycWwT2xFzwgyDEorDCUJQiF7WHqwnhJjgM2b\"': no such table: transactions"
[2026-09-25--05-20-29 ERROR surfpool::cli::simnet] Failed to process transaction: Internal error: "Storage error: Query failed for table 'transactions' in 'SQLite' database: Failed to store value for key '\"LGvULJKoTJG2vRUXJZNDFqK4mfzcv8Jwu7NcP2MjvwEdiKZRQ8yUYVPgLrgStzz6QWYgBpJkAKf4SmVi5cV78TP\"': no such table: transactions"
[2026-09-25--05-20-29 ERROR surfpool::cli::simnet] Failed to process transaction: Internal error: "Storage error: Query failed for table 'transactions' in 'SQLite' database: Failed to store value for key '\"4vsnvcHPXtdQgzJZFkps1R9PmzT9oyAk1T45uEE6aZM4aKHzr8zkWS9x97kguomPb9zGjSMVMw4YBf6KNU1o9hzR\"': no such table: transactions"
[2026-09-25--05-20-29 ERROR surfpool::cli::simnet] Failed to process transaction: Internal error: "Storage error: Query failed for table 'transactions' in 'SQLite' database: Failed to store value for key '\"5DQmwhsKoJmbYvr8U2e7C9jzY1213mNR6JbGmmtnLB8vLaZ14x5xPZEBZsFadrGdhGcN21eWBCTw9LD6vjHtj3P5\"': no such table: transactions"
[2026-09-25--05-20-29 ERROR surfpool::cli::simnet] Failed to process transaction: Internal error: "Storage error: Query failed for table 'transactions' in 'SQLite' database: Failed to store value for key '\"4dRSZ1FKjwvgPBt6CBWK5LiJeqRt8hq48UMfN2swdveaVSeVGuJZPCZYTUveBfophfXtRWLW3ZECtrh7j6Q8DVYW\"': no such table: transactions"
[2026-09-25--05-20-29 ERROR surfpool::cli::simnet] Failed to process transaction: Internal error: "Storage error: Query failed for table 'transactions' in 'SQLite' database: Failed to store value for key '\"2KYvYidS2BAJrXAqEZee4s2PZ8cC1B4bndYZM9ds5EMrwTyKLkqjpjqNHVviJkDG2fbBLaRnEJ1youoiC4SgCKRB\"': no such table: transactions"
[2026-09-25--05-20-29 ERROR surfpool::cli::simnet] Failed to process transaction: Internal error: "Storage error: Query failed for table 'transactions' in 'SQLite' database: Failed to store value for key '\"yf72Kn37jfAZmjpx2uBnJvWim1kh1sZ3HMakYkdjgtEr8tLHvBPFi8BenUZP4Bf4fdbGfquxuBDa7z63cT6Kn3b\"': no such table: transactions"
[2026-09-25--05-20-29 ERROR surfpool::cli::simnet] Failed to process transaction: Internal error: "Storage error: Query failed for table 'transactions' in 'SQLite' database: Failed to store value for key '\"3nbVwuQegy2PqhmWkuN6xqxRv6vEHtWbbCYD1C7tAQp7kGSpnEd3JoMVkRLuJ7r1Dxhdxn1eo2GfeV1DCBdqgB5S\"': no such table: transactions"
[2026-09-25--05-20-29 ERROR surfpool::cli::simnet] Failed to process transaction: Internal error: "Storage error: Query failed for table 'transactions' in 'SQLite' database: Failed to store value for key '\"4JhDdCfWGQww89eHWTETFkafjSARzZY978jyedeCptiribjmV5VUes7qj1PJr4phreH4nJPEZwXkP6JamQ2KHXDQ\"': no such table: transactions"
[2026-09-25--05-20-29 ERROR surfpool::cli::simnet] Failed to process transaction: Internal error: "Storage error: Query failed for table 'transactions' in 'SQLite' database: Failed to store value for key '\"2nRG98QTFAhFF3LDLeGXoD3G1MbgEuRTwK2q6LBqWpx3dNTG7nQsEnCG7g6PiZbzFmwXDFSeicSZ4Giafp3662pm\"': no such table: transactions"
[2026-09-25--05-20-29 ERROR surfpool::cli::simnet] Failed to process transaction: Internal error: "Storage error: Query failed for table 'transactions' in 'SQLite' database: Failed to store value for key '\"3dEFG1Ac3z4ngxdKrZaSXm1CuHv48nnK19t2KG5kXXwoFbnC68u2AwiZRwZna8tNnjhdpmGSjzto82fimgFkpeQT\"': no such table: transactions"
[2026-09-25--05-20-29 ERROR surfpool::cli::simnet] Failed to process transaction: Internal error: "Storage error: Query failed for table 'transactions' in 'SQLite' database: Failed to store value for key '\"5MZ85496g1CHUvzEd7DX76a2FZKnZsdks9g5LyjrjYYUqCVEzhW6qydNJKNjZLNvPHhZKwjMS9mvNEF2CriNT6ek\"': no such table: transactions"
[2026-09-25--05-20-29 ERROR surfpool::cli::simnet] Failed to process transaction: Internal error: "Storage error: Query failed for table 'transactions' in 'SQLite' database: Failed to store value for key '\"3oPPWE6VTymWRb2uLGN3aye3VcYnTYAfPxZvVkdSjPsdSHn2wQtx2DGWekTuPismTDSLCUDvK3meZJTk3Umf8DCf\"': no such table: transactions"
[2026-09-25--05-20-29 ERROR surfpool::cli::simnet] Failed to process transaction: Internal error: "Storage error: Query failed for table 'transactions' in 'SQLite' database: Failed to store value for key '\"5kCGZVsJW81H211xnBk8pmffLPFM2bsJidvkzSYFroiCkYaM5qTrEzyLKE3vEJ7qMGGW48J9S9QJzm2aKjgs4k7j\"': no such table: transactions"
[2026-09-25--05-20-29 ERROR surfpool::cli::simnet] Failed to process transaction: Internal error: "Storage error: Query failed for table 'transactions' in 'SQLite' database: Failed to store value for key '\"4U5rgwKSQCokEG76uSurRvwSoF4Ah827GsYHKiv5VmdbDNa7Svbhq5SgnUCpyV2XSouPtdAxFRzXPFhwnmaePkh8\"': no such table: transactions"
[2026-09-25--05-20-29 ERROR surfpool::cli::simnet] Failed to process transaction: Internal error: "Storage error: Query failed for table 'transactions' in 'SQLite' database: Failed to store value for key '\"2NakCUE1QN8X4hLXLQBrKncHqsQtovx42eheD1tKBXXxo6btKrauCvqpPT96BbjNAFD8oG4DCu8SgEvLpYRTGAeq\"': no such table: transactions"
[2026-09-25--05-20-29 ERROR surfpool::cli::simnet] Failed to process transaction: Internal error: "Storage error: Query failed for table 'transactions' in 'SQLite' database: Failed to store value for key '\"3mrdFSchi3TPaijmD3mGcjcTPRpV8e9MBctjyhBgYrwQ3DgQpDVMw7GVgf4wTtvPdA6CByDCxGjc4CJNGJrfE5pA\"': no such table: transactions"
[2026-09-25--05-20-29 ERROR surfpool::cli::simnet] Failed to process transaction: Internal error: "Storage error: Query failed for table 'transactions' in 'SQLite' database: Failed to store value for key '\"CdeGgUGL4XZsAKwDYcXJVN8Gej3xC9LP9i8jwhxqZ2zMDxjAidZdmUaxbtT99eUf4ayaGEY2CbHkf3RbS9JWxoA\"': no such table: transactions"
[2026-09-25--05-20-29 ERROR surfpool::cli::simnet] Failed to process transaction: Internal error: "Storage error: Query failed for table 'transactions' in 'SQLite' database: Failed to store value for key '\"66tXNCWHFqdeEAXdNuwcDbDd3AsmTnZmXLZsKdJ2HbRJjPNfeJFukSXSWKiiTw7YRWXUHCLpBhewDEkcUVRqpzvd\"': no such table: transactions"
[2026-09-25--05-20-29 ERROR surfpool::cli::simnet] Failed to process transaction: Internal error: "Storage error: Query failed for table 'transactions' in 'SQLite' database: Failed to store value for key '\"3dYozQVZjYhUbpxsDG2AYuyco9dupDCb4aFNhctzoyFav1pHpm8PukUcETuCzTiMTiQeZ72QoTPJQSt7CgriZxNQ\"': no such table: transactions"
[2026-09-25--05-20-29 ERROR surfpool::cli::simnet] Failed to process transaction: Internal error: "Storage error: Query failed for table 'transactions' in 'SQLite' database: Failed to store value for key '\"4NrDfQN4ZEb2C9akwvBiRevuDCWhKkQ3ZFdg2HK93iqfVHEFe9M4cE2hZJFfbGb7DHCCYXGiBYmi2qPNAS84QQSz\"': no such table: transactions"
[2026-09-25--05-20-29 ERROR surfpool::cli::simnet] Failed to process transaction: Internal error: "Storage error: Query failed for table 'transactions' in 'SQLite' database: Failed to store value for key '\"n7ZjPodrgCWxZV9oXXg6mhd3VzymXSqV4MepyyyjxQyy6B5y9Jrs7vpURWNbQkeRg9sgr5JrNsHgjK1Va3Fg2e9\"': no such table: transactions"
[2026-09-25--05-20-29 ERROR surfpool::cli::simnet] Failed to process transaction: Internal error: "Storage error: Query failed for table 'transactions' in 'SQLite' database: Failed to store value for key '\"3477SHMW2FaCaiPRZdRdX3PShrBehjCaiufzDaUAnRGvDc1is9nsf3BqY8FZGcdvSrWiNKoDEqoraoWQwUbFWMXC\"': no such table: transactions"
[2026-09-25--05-20-29 ERROR surfpool::cli::simnet] Failed to process transaction: Internal error: "Storage error: Query failed for table 'transactions' in 'SQLite' database: Failed to store value for key '\"2k9rEBBehjb7HxDbxN6L4SsJRGHd878fgbr69GqgTv3j18SrE5jQWZfpB9or2u1khfwznLHMrWLzdWiAanEAQSsa\"': no such table: transactions"
[2026-09-25--05-20-29 ERROR surfpool::cli::simnet] Failed to process transaction: Internal error: "Storage error: Query failed for table 'transactions' in 'SQLite' database: Failed to store value for key '\"3Y3iC1YibcbpHTBANtXhAAD54GP2SF66rhPk7nJ2cVVWmRnF2e7S2gYanh6cDg55mFaToEjGvaEzp7iG3iUAHGHV\"': no such table: transactions"
[2026-09-25--05-20-29 ERROR surfpool::cli::simnet] Failed to process transaction: Internal error: "Storage error: Query failed for table 'transactions' in 'SQLite' database: Failed to store value for key '\"3LPdfB96S1q6PLtKf8JxThLNamSChMauXpJcTzuJmmr7XpduEMq143vcbSwBXfE3LFwZUixJFuQ7SiqfvF9KWcG8\"': no such table: transactions"
[2026-09-25--05-20-29 ERROR surfpool::cli::simnet] Failed to process transaction: Internal error: "Storage error: Query failed for table 'transactions' in 'SQLite' database: Failed to store value for key '\"4GYtCpjiXxqC8mSsxBKZiohWC4JHVGXK2iWpfBsKJqzrH9qvYZLM4sdPUf3nx47wyQaTSPfTCxBWKtjibDeE73J9\"': no such table: transactions"
[2026-09-25--05-20-29 ERROR surfpool::cli::simnet] Failed to process transaction: Internal error: "Storage error: Query failed for table 'transactions' in 'SQLite' database: Failed to store value for key '\"5smB1c8A76Q5DuZa8L6zMPwm5coKi7wxiPwiziYWTGUjAXszbup8hYXnH4QpvuZn9haviP6pdymC8EzCuroQLpgp\"': no such table: transactions"
[2026-09-25--05-20-29 ERROR surfpool::cli::simnet] Failed to process transaction: Internal error: "Storage error: Query failed for table 'transactions' in 'SQLite' database: Failed to store value for key '\"3EJK4PRhTFomXa6DSs5texsBWmrUBmv5Y24rnxEa3QpvKK2JC6JMVkYSVVwuB8Ncn5gMQGNwxyvQrJffX1ASrJbL\"': no such table: transactions"
[2026-09-25--05-20-29 ERROR surfpool::cli::simnet] Failed to process transaction: Internal error: "Storage error: Query failed for table 'transactions' in 'SQLite' database: Failed to store value for key '\"a2ME6WwF6Mi8oj5t6uQyxsqwbYuBmsyt3fQ3jnM63P9YsmHPSSwykhxqjjpACGAWihNvHAdhio3RZ5HepxWUmrG\"': no such table: transactions"
[2026-09-25--05-20-29 ERROR surfpool::cli::simnet] Failed to process transaction: Internal error: "Storage error: Query failed for table 'transactions' in 'SQLite' database: Failed to store value for key '\"1E9mh2F7mxwQ8QS9wpGK8YqeUL2Aw5jBtBpBM6X92UwqpmA6G3HAKAM1mwoChyQumoBxpT24J4KnFfSpZkzpwPs\"': no such table: transactions"
[2026-09-25--05-20-29 ERROR surfpool::cli::simnet] Failed to process transaction: Internal error: "Storage error: Query failed for table 'transactions' in 'SQLite' database: Failed to store value for key '\"5Z9SgPwVu8zuEZa8LWzVg5mTYqXi36GRNeP49Qp78srrcioStrwgKP4kHbgf2MppExEeXHFNAZ7qsVY6nbEdfTTe\"': no such table: transactions"
[2026-09-25--05-20-29 ERROR surfpool::cli::simnet] Failed to process transaction: Internal error: "Storage error: Query failed for table 'transactions' in 'SQLite' database: Failed to store value for key '\"3BGV9A9omFSJBdyh9VNemKhd7D6a3drHQMMdfnKNNedb6jBJBT8vBR4h6WtfGQ26DiMQS6tyFXCdiCbxDUqyM7u8\"': no such table: transactions"
[2026-09-25--05-20-29 ERROR surfpool::cli::simnet] Failed to process transaction: Internal error: "Storage error: Query failed for table 'transactions' in 'SQLite' database: Failed to store value for key '\"43Dx4C73hCMY43tMMGXZSvrDDQ9EiwSXP74h2wZvVTZEDqP4gnTtm6C6Be1bgS5K6XucXDzst8wKbGd5eqJ9npN9\"': no such table: transactions"
[2026-09-25--05-20-29 ERROR surfpool::cli::simnet] Failed to process transaction: Internal error: "Storage error: Query failed for table 'transactions' in 'SQLite' database: Failed to store value for key '\"MVWpWFScLx21PRNH2hF8S8ejVBmfcCji88SWNyvpSJHZMcNd46FpevHGdpLM2u3yzZvidbXhurqKH6NoZ1Tb5CB\"': no such table: transactions"
[2026-09-25--05-20-29 ERROR surfpool::cli::simnet] Failed to process transaction: Internal error: "Storage error: Query failed for table 'transactions' in 'SQLite' database: Failed to store value for key '\"216v7zV9xr87fPepjbnF5wvnAjLcx4yxJNYf21rW2snqdDbDtfcfUAxi7nEWqjvnD1D6M8UUga3Rs7YMHRHte5Bu\"': no such table: transactions"
[2026-09-25--05-20-29 ERROR surfpool::cli::simnet] Failed to process transaction: Internal error: "Storage error: Query failed for table 'transactions' in 'SQLite' database: Failed to store value for key '\"4V7Ez3Ug1rx9CKHAH8mkuZ2WKvuFE8wsaLzaWf4dgAQcPpDowEwzwwyYo6WuQvorUoWaHwxXKsAwkPosckNapmJo\"': no such table: transactions"
[2026-09-25--05-20-29 ERROR surfpool::cli::simnet] Failed to process transaction: Internal error: "Storage error: Query failed for table 'transactions' in 'SQLite' database: Failed to store value for key '\"Gbu82R2Miiak9k3Le7A4HKfbxBoARCjpGCZ7moHVn2oacF9z2EEjo1pvqaZ8X9h9hxuCeqLqJ8fw9KMhZj3U6HP\"': no such table: transactions"
[2026-09-25--05-20-29 ERROR surfpool::cli::simnet] Failed to process transaction: Internal error: "Storage error: Query failed for table 'transactions' in 'SQLite' database: Failed to store value for key '\"pRPPnUSvHkB1TYQBTGCAPW3b4EHWC1PtbFzDvUG7Pdbv9vTzVrZw21d8h8vcVspu8yq6auAPSJfpoxDHhU4HjGh\"': no such table: transactions"
[2026-09-25--05-20-29 ERROR surfpool::cli::simnet] Failed to process transaction: Internal error: "Storage error: Query failed for table 'transactions' in 'SQLite' database: Failed to store value for key '\"4KddbdVycsb39dgvSyuZo9DkJyHSG4eeaanhixEVSuPYtt1V3iaww4NzmpoTSVe8KCT6aWxuLKDD2VnLtLtAdSvr\"': no such table: transactions"
[2026-09-25--05-20-29 ERROR surfpool::cli::simnet] Failed to process transaction: Internal error: "Storage error: Query failed for table 'transactions' in 'SQLite' database: Failed to store value for key '\"uWTU4pgUbSzG8SkNAVpvoUwknUymmBw75b6GfoP3vu51aAYRaxFj1Qzt8Mt38z6gGT43yAMo8rxykSgnLBo8n26\"': no such table: transactions"
[2026-09-25--05-20-29 ERROR surfpool::cli::simnet] Failed to process transaction: Internal error: "Storage error: Query failed for table 'transactions' in 'SQLite' database: Failed to store value for key '\"5wpaebNt8HBrMZx9M4o4geyH3w8Sn2U7vrX8tpm2dJHymrgCkKN223GV7dxdW3njafKELAms2YzXHqgjYpNQ4CF9\"': no such table: transactions"
[2026-09-25--05-20-29 ERROR surfpool::cli::simnet] Failed to process transaction: Internal error: "Storage error: Query failed for table 'transactions' in 'SQLite' database: Failed to store value for key '\"2k8Lshh43tfSgPpU4h3rwX2oDSLcAPf7p65kV2yhZGu5akXTP4FAEoqZ2NAY7Ag3VWq7aR55BqYnG5yt8bNLiddY\"': no such table: transactions"
[2026-09-25--05-20-29 ERROR surfpool::cli::simnet] Failed to process transaction: Internal error: "Storage error: Query failed for table 'transactions' in 'SQLite' database: Failed to store value for key '\"2DXAuudXXjRpaNshVQiWRWVkYmPb4NGzR4P1WDq2WNs8r53mTF8ef38UhysLsVncPMfhPX3KcT1VQTd74sweh6cG\"': no such table: transactions"
[2026-09-25--05-20-29 ERROR surfpool::cli::simnet] Failed to process transaction: Internal error: "Storage error: Query failed for table 'transactions' in 'SQLite' database: Failed to store value for key '\"4pFr7gCNoNsPGnzk6ptv8hgAFB1sCiKTqqWh88hkSaBEzA55TYMRvRBKqb2KHvBpE3xE1HaLVyvpDVKqjjfVaMK1\"': no such table: transactions"
[2026-09-25--05-20-29 ERROR surfpool::cli::simnet] Failed to process transaction: Internal error: "Storage error: Query failed for table 'transactions' in 'SQLite' database: Failed to store value for key '\"5e97BQ7rUDNNMpYEDwNY5uqsCitvs8v6NE3Nu1DurdGfXV4jZVEMYrEQvUXMczzHD1pJRxmaAodxAhPKGbm2SCJk\"': no such table: transactions"
[2026-09-25--05-20-29 ERROR surfpool::cli::simnet] Failed to process transaction: Internal error: "Storage error: Query failed for table 'transactions' in 'SQLite' database: Failed to store value for key '\"2cQ7HQfDZStemARBeud42dXFdU4EC6bHmUYrBgq4jxjbnYh4RZVhwaTnRUiLp53xZE4AJW5vfLqGQCVjAdXs5Rxz\"': no such table: transactions"
[2026-09-25--05-20-29 ERROR surfpool::cli::simnet] Failed to process transaction: Internal error: "Storage error: Query failed for table 'transactions' in 'SQLite' database: Failed to store value for key '\"3aBV9MX9DZrLFyfLnBC5cMoMpgRSaFUgnPyUinWVTWQKkYcCjgF1hqLQrC7P8UKVTU3CEAiUS5mch16jnqv7ivKT\"': no such table: transactions"
[2026-09-25--05-20-29 ERROR surfpool::cli::simnet] Failed to process transaction: Internal error: "Storage error: Query failed for table 'transactions' in 'SQLite' database: Failed to store value for key '\"43NfkYCQcZf1jjvWbSPwGV1JBZvVEiu7BnKEpUop1hWrgyn6VZUGFEpE4RU3oQLhYqvP1VC1CyXNdJHaxdxkQoiU\"': no such table: transactions"
[2026-09-25--05-20-29 ERROR surfpool::cli::simnet] Failed to process transaction: Internal error: "Storage error: Query failed for table 'transactions' in 'SQLite' database: Failed to store value for key '\"W29ADpAHnVMtGsT292dPzKY9UPjh1KLYB6ZGXXh6dMy9L98rRdzStRPtidgHx5G6cRgZqvTyZzprspnXTzBdxyu\"': no such table: transactions"
[2026-09-25--05-20-29 ERROR surfpool::cli::simnet] Failed to process transaction: Internal error: "Storage error: Query failed for table 'transactions' in 'SQLite' database: Failed to store value for key '\"AefZGMByP8Ko4gLtQkANyvvCSuFrcLJd9mnzcbkzkejS54XGGK2x4YGikJe8D4LXsLZfL3gLhs7PzGm6MFXsrYn\"': no such table: transactions"
[2026-09-25--05-20-29 ERROR surfpool::cli::simnet] Failed to process transaction: Internal error: "Storage error: Query failed for table 'transactions' in 'SQLite' database: Failed to store value for key '\"2G7djw7PvtE3T58niaTjQhKd15KDL8ETL6SLDcRbGwiqy7a4EkJonvbLJqmbgr5u3gVZ9nwxhuqKd5H4VYNuQwy9\"': no such table: transactions"
[2026-09-25--05-20-29 ERROR surfpool::cli::simnet] Failed to process transaction: Internal error: "Storage error: Query failed for table 'transactions' in 'SQLite' database: Failed to store value for key '\"i2etcfdqpqoZpo6zg32WBhMMpaQ7af6sivspb7smMRMVJH78psDJNv8xhjFR6iPCMR14W324t2ipYK9FRbdGn4t\"': no such table: transactions"
[2026-09-25--05-20-29 ERROR surfpool::cli::simnet] Failed to process transaction: Internal error: "Storage error: Query failed for table 'transactions' in 'SQLite' database: Failed to store value for key '\"4VfisHCCXjjfPvUQfihJ5EzWtY4mRxstSBkmzYsQs7GVeoTMAxb3tc5siz1GJziwCi6M2SXEpfvSP1U2RjgNMBZN\"': no such table: transactions"
[2026-09-25--05-20-29 ERROR surfpool::cli::simnet] Failed to process transaction: Internal error: "Storage error: Query failed for table 'transactions' in 'SQLite' database: Failed to store value for key '\"jQrs46EM6kG7Lq91cSioMABws4qzeWn4bSgxHzP1PwwQ5BWkxQQXHJVJqmeExAXCXcnRxwutfUmW8EtWQX77zpF\"': no such table: transactions"
[2026-09-25--05-20-29 ERROR surfpool::cli::simnet] Failed to process transaction: Internal error: "Storage error: Query failed for table 'transactions' in 'SQLite' database: Failed to store value for key '\"4FWnAcdnXxjidiBBxx6iwRFymxcfPWnEGGc5P4F9T5jtdCENbheNk3gejDGSmmcKm7NnkLYqoYBhy5uaKirgUJcr\"': no such table: transactions"
[2026-09-25--05-20-29 ERROR surfpool::cli::simnet] Failed to process transaction: Internal error: "Storage error: Query failed for table 'transactions' in 'SQLite' database: Failed to store value for key '\"26yzh8rf9NFHrjHdtUr1zjnBvf8zdcCfBTH9N6KfDRKsm6xAcSmecG35FyJAgvKGEUGTvDho6rmrPjJhp9BA3uvP\"': no such table: transactions"
[2026-09-25--05-20-29 ERROR surfpool::cli::simnet] Failed to process transaction: Internal error: "Storage error: Query failed for table 'transactions' in 'SQLite' database: Failed to store value for key '\"31PZkNJiYgrexoQCHRxZHm45DCEtEySY1dz9vkqp3b1hSqX8Bo1YpLUVNTScAQ1kosAmE45HvGT4UUm7JmyDULDk\"': no such table: transactions"
[2026-09-25--05-20-29 ERROR surfpool::cli::simnet] Failed to process transaction: Internal error: "Storage error: Query failed for table 'transactions' in 'SQLite' database: Failed to store value for key '\"5mzBFqBcHmsZitEtxFBqCcCP4sDBxv2RGyF2HHozgtY4Dy6JphhSZeapnKBAE63v9JHDMXgvEE5QChSWXBt2Qi6L\"': no such table: transactions"
[2026-09-25--05-20-29 ERROR surfpool::cli::simnet] Failed to process transaction: Internal error: "Storage error: Query failed for table 'transactions' in 'SQLite' database: Failed to store value for key '\"4RmdWc2GBPhMMzDP8AXYS35bdvhcLoKhd294jtYFGAJyuzK732bnhfEof2xpQ4unfinaacd5srRMocBQAhGN67rc\"': no such table: transactions"
[2026-09-25--05-20-29 ERROR surfpool::cli::simnet] Failed to process transaction: Internal error: "Storage error: Query failed for table 'transactions' in 'SQLite' database: Failed to store value for key '\"38FEPqTU9izZUCK8qjuBMK4xJWfnasf6yKZMSLxydkB8kSDLs8c7VnLFXnQgtqBebkn4oQ24rrVYeJ78a5dmF7Yw\"': no such table: transactions"
[2026-09-25--05-20-29 ERROR surfpool::cli::simnet] Failed to process transaction: Internal error: "Storage error: Query failed for table 'transactions' in 'SQLite' database: Failed to store value for key '\"2EUxRrn1KPjTdoWp9hbp1KxGBP1SLNMzUEMW9RrUYZQg275WZuAntf2w4dZ2iaoU47pW9nfji5Z5R7bm8vLKiCi7\"': no such table: transactions"
[2026-09-25--05-20-29 ERROR surfpool::cli::simnet] Failed to process transaction: Internal error: "Storage error: Query failed for table 'transactions' in 'SQLite' database: Failed to store value for key '\"48oXLmQVP6G5vxBVEpRbrU7W9L2qhcQTWc2gx1my1PnCn9zxrxZSDqjueazUdWDnirroHLzM7JPzuCtwRnWxhVzd\"': no such table: transactions"
[2026-09-25--05-20-29 ERROR surfpool::cli::simnet] Failed to process transaction: Internal error: "Storage error: Query failed for table 'transactions' in 'SQLite' database: Failed to store value for key '\"5bitw1iwungpMSVYXVe7FZXyAum2u6orGrjzEkvx5HFCTwkt9XHg3yvYixgiHRhbhVCoCWjW7waTUjMXe8UF4dRG\"': no such table: transactions"
[2026-09-25--05-20-29 ERROR surfpool::cli::simnet] Failed to process transaction: Internal error: "Storage error: Query failed for table 'transactions' in 'SQLite' database: Failed to store value for key '\"4pR3hbMwxPLb6jWcuaQQhLQVW1VGnNBTdjAuDJMDxrkur5sLdHr6BfbBNS8nFYUu2qCbqrzAKKMZgVmod5xc7uKZ\"': no such table: transactions"
[2026-09-25--05-20-29 ERROR surfpool::cli::simnet] Failed to process transaction: Internal error: "Storage error: Query failed for table 'transactions' in 'SQLite' database: Failed to store value for key '\"2PfDkn5otrnTjaUyKfQt7tgowdGqGndZwG1qJsq7KJm4GiGGKdJa3ywYGy5rAi8RKiDCGbj397UeMvxM3Vb4oXrP\"': no such table: transactions"
[2026-09-25--05-20-29 ERROR surfpool::cli::simnet] Failed to process transaction: Internal error: "Storage error: Query failed for table 'transactions' in 'SQLite' database: Failed to store value for key '\"2TfVQhJabEabD1EfajADBznmMYUAumq7n75RDc1AYFVJrMfdStk7A4xedt7wGEVRuaDceHDVnTAzdr8rZKTiG7Vm\"': no such table: transactions"
[2026-09-25--05-20-29 ERROR surfpool::cli::simnet] Failed to process transaction: Internal error: "Storage error: Query failed for table 'transactions' in 'SQLite' database: Failed to store value for key '\"32P2NeWXRgVgUbA63nAyVpUBERxRvUhZQPcoovv45scTXWpoBAzQVfCBefnsXXdKEtE2xumHepk8vuvtNvWzcNPw\"': no such table: transactions"
[2026-09-25--05-20-29 ERROR surfpool::cli::simnet] Failed to process transaction: Internal error: "Storage error: Query failed for table 'transactions' in 'SQLite' database: Failed to store value for key '\"2QjUmZgqt2RfZMuULmn4jMfPYk4XJkKEqzpAhFLZnesSMmGmNcvQA6kfDQHPrdKASMGFPSpJGUU9h57KMJmNb4Yu\"': no such table: transactions"
[2026-09-25--05-20-29 ERROR surfpool::cli::simnet] Failed to process transaction: Internal error: "Storage error: Query failed for table 'transactions' in 'SQLite' database: Failed to store value for key '\"Eo19UFiLEnxomPWLZVWqr936ZBM2Z72nnaXwYLPqG1nqawgQK26Naynp8z4AKzckzzWfLp6HgeFLDXL5ozerKFu\"': no such table: transactions"
[2026-09-25--05-20-29 ERROR surfpool::cli::simnet] Failed to process transaction: Internal error: "Storage error: Query failed for table 'transactions' in 'SQLite' database: Failed to store value for key '\"5VvWZh1HRU8c7onMgGQWRUeQfGu1D1FFCGpe3zKSifnoDTw1u5HD5MvM5B6PW6E2DgUkZzbb9qtwz9UaexEs9oNB\"': no such table: transactions"
[2026-09-25--05-20-29 ERROR surfpool::cli::simnet] Failed to process transaction: Internal error: "Storage error: Query failed for table 'transactions' in 'SQLite' database: Failed to store value for key '\"5xtdTnU2LZEZ6fYtwbfGr9WW6h2p7Rhh6ni19vxhmWckHQGgeVrxQcSri7qYgRwMLgU9buQBYPwsXc1QhvRZwqMM\"': no such table: transactions"
[2026-09-25--05-20-29 ERROR surfpool::cli::simnet] Failed to process transaction: Internal error: "Storage error: Query failed for table 'transactions' in 'SQLite' database: Failed to store value for key '\"2PSZVaXePG8dtCTjqY98zaPmnzmkUap5GKSTyhSdMfyYUxoW2tTx5uEmQZRGDq36yBfJxYfV8XPCJwPNwh3xbCVe\"': no such table: transactions"
[2026-09-25--05-20-29 ERROR surfpool::cli::simnet] Failed to process transaction: Internal error: "Storage error: Query failed for table 'transactions' in 'SQLite' database: Failed to store value for key '\"3RTtvp1qLgBXqLZeiVTcbxKyqeLfVNcs3kpCBsbP6Ea2qCSKX9611Re37EBT5wcAJgGbTuicdgCsQEuQGt52MTVV\"': no such table: transactions"
[2026-09-25--05-20-29 ERROR surfpool::cli::simnet] Failed to process transaction: Internal error: "Storage error: Query failed for table 'transactions' in 'SQLite' database: Failed to store value for key '\"5hTJUnL1bcX5vv5yaQBtoH81tJ2gfCWKFHAqPhhqZzQDJagqtyACfeg2sT4MW9pxDkdHZTfLgZPvXcxh6MQcf4xg\"': no such table: transactions"
[2026-09-25--05-20-29 ERROR surfpool::cli::simnet] Failed to process transaction: Internal error: "Storage error: Query failed for table 'transactions' in 'SQLite' database: Failed to store value for key '\"274iw8DV3YiB87jZxrUTwfJBiqMTUQFswoXmNKSe9NdDFwivxbwCSNyxcB8RQBuRnrxso38omkqhNgcoNnyuG7bg\"': no such table: transactions"
[2026-09-25--05-20-29 ERROR surfpool::cli::simnet] Failed to process transaction: Internal error: "Storage error: Query failed for table 'transactions' in 'SQLite' database: Failed to store value for key '\"2k775gVyfAYHqcHM8Cx4R6s9Ybz9raGdzt6WcqB1WJwtemJBo8mPXFcjWfcC3vV45yJdFTUNwvjcFsrSK1ovinvy\"': no such table: transactions"
[2026-09-25--05-20-29 ERROR surfpool::cli::simnet] Failed to process transaction: Internal error: "Storage error: Query failed for table 'transactions' in 'SQLite' database: Failed to store value for key '\"2Fxs3JHJyqPisgxqiHsf6nmdHBoJp8S1uhjgMzbaLGSc3eNM7gjLGBP5EmRfDkdcjnJghmPDQwSCfjLSkov98Zz\"': no such table: transactions"
[2026-09-25--05-20-29 ERROR surfpool::cli::simnet] Failed to process transaction: Internal error: "Storage error: Query failed for table 'transactions' in 'SQLite' database: Failed to store value for key '\"5hukTZbwA8zpT5JbH5KHuaSAoG1BjCnh36e3h89Hxe6tiiw7baHvorDeAtrSxkD45BJuMnRdfQJ4a5ApUQ3WP6xU\"': no such table: transactions"
[2026-09-25--05-20-29 ERROR surfpool::cli::simnet] Failed to process transaction: Internal error: "Storage error: Query failed for table 'transactions' in 'SQLite' database: Failed to store value for key '\"2X8LRcjTPx4rGnGy3aiqCnec7Xd4XAA1yF8cRUiEYaMGWW4GfHv9bCTWanRNSjaVa9skd4gQ6wgehqPtTvfmykaA\"': no such table: transactions"
[2026-09-25--05-20-29 ERROR surfpool::cli::simnet] Failed to process transaction: Internal error: "Storage error: Query failed for table 'transactions' in 'SQLite' database: Failed to store value for key '\"3Q1VWjLJDX9UaraCGutUeQ2NfyNz3KRjxffTBvn77yduv1248rC3ofPUrXyav7VQz15Xttp4NRBwYmENjvAU4dzA\"': no such table: transactions"
[2026-09-25--05-20-29 ERROR surfpool::cli::simnet] Failed to process transaction: Internal error: "Storage error: Query failed for table 'transactions' in 'SQLite' database: Failed to store value for key '\"3Y4Ni7tyMrmMJaUrkB5f9RLo3UKrCeLmoLodrPycS4baR2i9EXmZ9dbBX5whz2mSN9Laauj45fmvSC6pRTyuTmcS\"': no such table: transactions"
[2026-09-25--05-20-29 ERROR surfpool::cli::simnet] Failed to process transaction: Internal error: "Storage error: Query failed for table 'transactions' in 'SQLite' database: Failed to store value for key '\"2joqLz6hkT8ukkMstTyXgp3XbWkzuVrp4h96EworfJeBHMdTSRzGvm4bmsTnLuDMsvbJGa9tdrs6qGGgWn4HigxB\"': no such table: transactions"
[2026-09-25--05-20-29 ERROR surfpool::cli::simnet] Failed to process transaction: Internal error: "Storage error: Query failed for table 'transactions' in 'SQLite' database: Failed to store value for key '\"4CkJhpM2ZqEXZSvjc4HBFnRTeSPgHEnK6F6i3emNHGKR59mAdW4BdfQyphWsoyXVBd4xZgKpDtBYJu5y7RSjh45o\"': no such table: transactions"
[2026-09-25--05-20-29 ERROR surfpool::cli::simnet] Failed to process transaction: Internal error: "Storage error: Query failed for table 'transactions' in 'SQLite' database: Failed to store value for key '\"2yTvK9uvC2EHiKj9hJUkV351vt7YdhwvcxTR5PtH5G36AuekAbskWNaU52XoRwQ2mYeM4p4s4ymkVJQ1ABpAQ2LK\"': no such table: transactions"
[2026-09-25--05-20-29 ERROR surfpool::cli::simnet] Failed to process transaction: Internal error: "Storage error: Query failed for table 'transactions' in 'SQLite' database: Failed to store value for key '\"4ybjKSpJdbEpwrukvheeyrmaGHfF1mmwG2Df7gkjHCqcSdg9tgF4bTkD36AxDq3VBtxY7qt2QXVKU4XTYUiMaiXr\"': no such table: transactions"
[2026-09-25--05-20-29 ERROR surfpool::cli::simnet] Failed to process transaction: Internal error: "Storage error: Query failed for table 'transactions' in 'SQLite' database: Failed to store value for key '\"34LiaNvAyGUi3qSrNxdwry53wQekTQSz94ZoUo3EWqvTvsfeoZZ1FN6VPqDDcPxwsSaZL2pbEnqduxbpXAanebX2\"': no such table: transactions"
[2026-09-25--05-20-29 ERROR surfpool::cli::simnet] Failed to process transaction: Internal error: "Storage error: Query failed for table 'transactions' in 'SQLite' database: Failed to store value for key '\"F4Yuq64m22YZpi2BNqWeZjrmFnjHofFKNXMLVQ2CScxh57E41K1umpTg1uvb4Arci1z71geRhjMXcBBZw1egPqi\"': no such table: transactions"
[2026-09-25--05-20-29 ERROR surfpool::cli::simnet] Failed to process transaction: Internal error: "Storage error: Query failed for table 'transactions' in 'SQLite' database: Failed to store value for key '\"4spHTUFsRNA338H42JHXN7oZLdEqhA2Q11p2cAgypf6RheGBYqjbh3XRYNLZw6QQgyXsF1AekPDtZQVRaStiftpN\"': no such table: transactions"
[2026-09-25--05-20-29 ERROR surfpool::cli::simnet] Failed to process transaction: Internal error: "Storage error: Query failed for table 'transactions' in 'SQLite' database: Failed to store value for key '\"2FsAZwLa3K34dyinH4n2BQD7wBT3CNtGurDhwEYuH17rsVx3oX5Ymst2wd7bQ2xwp1383YKNv5qB8Gj4rp5P6Qbp\"': no such table: transactions"
[2026-09-25--05-20-29 ERROR surfpool::cli::simnet] Failed to process transaction: Internal error: "Storage error: Query failed for table 'transactions' in 'SQLite' database: Failed to store value for key '\"3CvcdbwUhBGzMNixapdemFfbfsuz3RHbc3NMC17mjB39VMLo4LnL4mxFSB25doVXPH13Tid8CyNEXJxK2tuJtUoC\"': no such table: transactions"
[2026-09-25--05-20-29 ERROR surfpool::cli::simnet] Failed to process transaction: Internal error: "Storage error: Query failed for table 'transactions' in 'SQLite' database: Failed to store value for key '\"4pfBWjYDaw2kff8r21vc6NpYWMy5a2mA5YeNVBkFRqQQ7JaBX9jqUmnTgHsYLrhz7325MJ6iRDHg3LuLi1m7ZBKf\"': no such table: transactions"
[2026-09-25--05-20-29 ERROR surfpool::cli::simnet] Failed to process transaction: Internal error: "Storage error: Query failed for table 'transactions' in 'SQLite' database: Failed to store value for key '\"3a6FES9VezhWnTnXBDCt7UiwyrgUhryBHVRcGA47m6whxqs1sXt7WJUmTwJyzcjxptdUob5dDY1wLCiNQ9FGLzuN\"': no such table: transactions"
[2026-09-25--05-20-29 ERROR surfpool::cli::simnet] Failed to process transaction: Internal error: "Storage error: Query failed for table 'transactions' in 'SQLite' database: Failed to store value for key '\"3Uu3xheGaAgMkA3S71FSp4PAXXAgxgcjS5idSfh8jiUcL23vDLtGggJTES1D9ymCbo2vrU892A3pPWF8TyqWqQea\"': no such table: transactions"
[2026-09-25--05-20-30 ERROR surfpool::cli::simnet] Failed to process transaction: Internal error: "Storage error: Query failed for table 'transactions' in 'SQLite' database: Failed to store value for key '\"2H6ozUjyQRju1YxqFGuHzmVsRt7dqhoEzDgh7RxK2KRt9Qxfobe6EQ9gteAB9WxbXooaJuLK2rsDifM3P9jJhDWz\"': no such table: transactions"
[2026-09-25--05-20-30 ERROR surfpool::cli::simnet] Failed to process transaction: Internal error: "Storage error: Query failed for table 'transactions' in 'SQLite' database: Failed to store value for key '\"35ytW9fTQz3kxgB8pRsAuCMUoe5VshBHXuqcJ1dYNT1B4QHNjRPkuehkftCLonnmAnXh7YCW5TqjPbExUFEMJt4j\"': no such table: transactions"
[2026-09-25--05-20-30 ERROR surfpool::cli::simnet] Failed to process transaction: Internal error: "Storage error: Query failed for table 'transactions' in 'SQLite' database: Failed to store value for key '\"2hDrDcSiGfUFuiTbu4Qo25aM8QAjXgHhzpQB1FwUsMjtgw12qZbnBikyziNBCyti4hxGFRCT4Ykv6FfCFLKXvLhc\"': no such table: transactions"
[2026-09-25--05-20-30 ERROR surfpool::cli::simnet] Failed to process transaction: Internal error: "Storage error: Query failed for table 'transactions' in 'SQLite' database: Failed to store value for key '\"4wsk3actNGv2GfBJJJBtnD4LH7fan9F1ZPZPH9MpNVQ4PMQYKvtHys2ET6jXhvmJihdfjrw9zx44HyGTR5tTWF2\"': no such table: transactions"
[2026-09-25--05-20-30 ERROR surfpool::cli::simnet] Failed to process transaction: Internal error: "Storage error: Query failed for table 'transactions' in 'SQLite' database: Failed to store value for key '\"2dHq7t3hyLyg5GWbseycd9zGNsJJEFdHDUMirKYCNei3GdWxrWZmsWxMQKw5zK6en9z9cBroHQmELLFip9q1XgiJ\"': no such table: transactions"
[2026-09-25--05-20-30 ERROR surfpool::cli::simnet] Failed to process transaction: Internal error: "Storage error: Query failed for table 'transactions' in 'SQLite' database: Failed to store value for key '\"351PAFXdRxSRWMr8KrPx1dkjtJKApcWdTJqQwYLnkh1uFwBodmVfDBF4hz5hiUzq9jMisH8KUrq2XEPALhFJ9xyJ\"': no such table: transactions"
[2026-09-25--05-20-30 ERROR surfpool::cli::simnet] Failed to process transaction: Internal error: "Storage error: Query failed for table 'transactions' in 'SQLite' database: Failed to store value for key '\"2zq5gppfofcwpJo5D2BjgsUiWywvaLs3Z1jZD51nVNhq2CU5zNofer3R5XEkdbDSDEmEALtDMsQHnDWnEMMGiK1p\"': no such table: transactions"
[2026-09-25--05-20-30 ERROR surfpool::cli::simnet] Failed to process transaction: Internal error: "Storage error: Query failed for table 'transactions' in 'SQLite' database: Failed to store value for key '\"32VxPZDLxTm8JKWpRRSYTHCkA19HvyX78QBjJBZE81De8maUC2MzqDHQsLgGdX9RTAHkVBf9W8BRmdTSBTRZF9Pz\"': no such table: transactions"
[2026-09-25--05-20-30 ERROR surfpool::cli::simnet] Failed to process transaction: Internal error: "Storage error: Query failed for table 'transactions' in 'SQLite' database: Failed to store value for key '\"T4V3WtSZVbJCW22mB6HXPLw3EjD3Z66gQpd8BJ4Sm4Uo9Z8nEWocxzGpwQH5p3neC9p41mtKRqxL3dVCcUpiKEP\"': no such table: transactions"
[2026-09-25--05-20-30 ERROR surfpool::cli::simnet] Failed to process transaction: Internal error: "Storage error: Query failed for table 'transactions' in 'SQLite' database: Failed to store value for key '\"4UJ1BWE6BpVwHxHVJ9htcmnU1jpy71L2iojHepapRtQr93sTn6Z1xR3JLUnF7k721SR9uodpCkB1M8GkSjJWmoAx\"': no such table: transactions"
[2026-09-25--05-20-30 ERROR surfpool::cli::simnet] Failed to process transaction: Internal error: "Storage error: Query failed for table 'transactions' in 'SQLite' database: Failed to store value for key '\"4nqbHpxLTFXCoMnYfYxp3SLHBK9EXuPzeg1n9zyPGsozEFFqiurzV7KKiEBK3Any6xVgkDf5xRhBkJbrJQTDRyd2\"': no such table: transactions"
[2026-09-25--05-20-30 ERROR surfpool::cli::simnet] Failed to process transaction: Internal error: "Storage error: Query failed for table 'transactions' in 'SQLite' database: Failed to store value for key '\"2RXi4z1vJXBotPCcWc3ozHutZLrcwqMZuNEshD3HXN8NEaH1X9fYLFpYBLTrySdVuB431ENvGF7jE3NqtTQZSNbP\"': no such table: transactions"
[2026-09-25--05-20-30 ERROR surfpool::cli::simnet] Failed to process transaction: Internal error: "Storage error: Query failed for table 'transactions' in 'SQLite' database: Failed to store value for key '\"2tmS6JMSnJKZ6ABr7G8hSpnJqLJmB74GxJe61VSjYeeBJk5BHKQCrigm9tHcqWMPTWXf4gbsw2Wq9mzmkhxkN3bp\"': no such table: transactions"
[2026-09-25--05-20-30 ERROR surfpool::cli::simnet] Failed to process transaction: Internal error: "Storage error: Query failed for table 'transactions' in 'SQLite' database: Failed to store value for key '\"2S7PWvLGtmfVkS1A2uvT6vrZHfVhUYMaefkbLoVTbdBZFU1kTKgNkt1Qqc38qCWVNETmmFYCP6sEn4v4TC1sdbpX\"': no such table: transactions"
[2026-09-25--05-20-30 ERROR surfpool::cli::simnet] Failed to process transaction: Internal error: "Storage error: Query failed for table 'transactions' in 'SQLite' database: Failed to store value for key '\"3Tb4eBNexMM7VPtEbqPNRBSdr64oD6mpKLtM5iEMqpXVF1oFcwNvFtngju51nTWkQkD9VwnAAEBEiywLoCyQaeso\"': no such table: transactions"
[2026-09-25--05-20-30 ERROR surfpool::cli::simnet] Failed to process transaction: Internal error: "Storage error: Query failed for table 'transactions' in 'SQLite' database: Failed to store value for key '\"5tJShYEDeBFdmq8jephdZL9kFDv6Gceysyz8D2ZLbaUhJpo8ot44htvnBW8xW4saV5beK5dV5aDzLZS2nA1ry5JE\"': no such table: transactions"
[2026-09-25--05-20-30 ERROR surfpool::cli::simnet] Failed to process transaction: Internal error: "Storage error: Query failed for table 'transactions' in 'SQLite' database: Failed to store value for key '\"4A9A8S2yi5GgZHuwUAZtiHsTMZMkjnVeXZXYkk3j51gD2etQk4JyEbvCFddiKj8u4ttNJij8gy8vVYsWKpjoc4x\"': no such table: transactions"
[2026-09-25--05-20-30 ERROR surfpool::cli::simnet] Failed to process transaction: Internal error: "Storage error: Query failed for table 'transactions' in 'SQLite' database: Failed to store value for key '\"3nTkMDQ86HGyLeDgwefD8tcRBiy1m1SX9ynf1SXCS6WrJVXjMEoo61EmKnrnGKg8rRyQGhPXKWB88QnzemyYQWyw\"': no such table: transactions"
[2026-09-25--05-20-30 ERROR surfpool::cli::simnet] Failed to process transaction: Internal error: "Storage error: Query failed for table 'transactions' in 'SQLite' database: Failed to store value for key '\"XHVDLso8EjJvn8EAEk7hxbDnV7MMJaUD3To6ofXcGQJEdKdDZWxGwAMzhK2QGRQRxjcCBjx3q454zbwAEps9e6o\"': no such table: transactions"
[2026-09-25--05-20-30 ERROR surfpool::cli::simnet] Failed to process transaction: Internal error: "Storage error: Query failed for table 'transactions' in 'SQLite' database: Failed to store value for key '\"34GHa591fCBLUdjhhnHmz7ebMApYLFCHtB5FnjfFfngwJzm9eAkWazpzg3NGgzX4ttLCzVBwjfEPWLr6zdyA1xFB\"': no such table: transactions"
[2026-09-25--05-20-30 ERROR surfpool::cli::simnet] Failed to process transaction: Internal error: "Storage error: Query failed for table 'transactions' in 'SQLite' database: Failed to store value for key '\"ctbpg1dLWxtMbwzCvG2irroWHc4zsF1r7gitTp7n9dQySiY2N4A5juizzfkm3utzPfdFGyBEskpTQwth15tfmKX\"': no such table: transactions"
[2026-09-25--05-20-30 ERROR surfpool::cli::simnet] Failed to process transaction: Internal error: "Storage error: Query failed for table 'transactions' in 'SQLite' database: Failed to store value for key '\"2HKmRQakzGqwzkfTZozPcg6s4M7JiAMtA2nVpw9YjamA8d37qDZkaJtjV36WrR6BWevhKQUPne8gd8uJVQgGKm5D\"': no such table: transactions"
[2026-09-25--05-20-30 ERROR surfpool::cli::simnet] Failed to process transaction: Internal error: "Storage error: Query failed for table 'transactions' in 'SQLite' database: Failed to store value for key '\"BeqViKyf3DtorXfxHihXbkNmAY8o6VPmxmSFyLWXtZxnxy6TPyWmUs8T5qEHLeKLXjN1cXjz7iB62JFBC1f3hTH\"': no such table: transactions"
[2026-09-25--05-20-30 ERROR surfpool::cli::simnet] Failed to process transaction: Internal error: "Storage error: Query failed for table 'transactions' in 'SQLite' database: Failed to store value for key '\"3XR2v9pXCuHBaADjvbLGjpwcuawibtQ4yazYRnFPwLM4VECW126Ge5En3tNFounQSoQknb9wuvqg9pYwJiP5CUSK\"': no such table: transactions"
[2026-09-25--05-20-30 ERROR surfpool::cli::simnet] Failed to process transaction: Internal error: "Storage error: Query failed for table 'transactions' in 'SQLite' database: Failed to store value for key '\"4JkSiAoGXrUNTEaK44joRdghhoRMwNqY7tZkybmSgxfrTbjqXDQp5mS6ZEBkwbW41udu9xFrfzpUH6375CiHGciT\"': no such table: transactions"
[2026-09-25--05-20-30 ERROR surfpool::cli::simnet] Failed to process transaction: Internal error: "Storage error: Query failed for table 'transactions' in 'SQLite' database: Failed to store value for key '\"Jv3nQfFfAZPy4ujzz22mMj9pS8EszvDVp6riaSG5pdsMbyoz33gPNpPSFRm1zsUz9zkP83togkhVnXjo3VPnLNz\"': no such table: transactions"
[2026-09-25--05-20-30 ERROR surfpool::cli::simnet] Failed to process transaction: Internal error: "Storage error: Query failed for table 'transactions' in 'SQLite' database: Failed to store value for key '\"3gSrpEQiQG13bFPF7orrUNB7NiHKpvEUFRWKZpcWiyeYFYMyqujNPDLG2EAzi3HCrc2h7zdPNFZg6G4hygZJpbvJ\"': no such table: transactions"
[2026-09-25--05-20-30 ERROR surfpool::cli::simnet] Failed to process transaction: Internal error: "Storage error: Query failed for table 'transactions' in 'SQLite' database: Failed to store value for key '\"5Jj8FEfa51u64CHqEbpZT7VDRnsLLfHSoYERpxpw6e1dFWqVitGQneQnMtcHXJPe8t9uSvcwj4fPr9SsoqYek8ai\"': no such table: transactions"
[2026-09-25--05-20-30 ERROR surfpool::cli::simnet] Failed to process transaction: Internal error: "Storage error: Query failed for table 'transactions' in 'SQLite' database: Failed to store value for key '\"5BMHNwhx8imqtPqG7q1iR7q1gDHPMkVgqYHfdHUTsh8J2SE8uWpQPEJUj3o4mWHHzp3SdJFNP4P4T877qowi4bJT\"': no such table: transactions"
[2026-09-25--05-20-30 ERROR surfpool::cli::simnet] Failed to process transaction: Internal error: "Storage error: Query failed for table 'transactions' in 'SQLite' database: Failed to store value for key '\"53ynFrDvWYmjyHWHNPZA9RA65sc9uoXY2rzmXSvkwaThCSVUTv5drDDvAHTYhHzcWCVwdTg6ujAUXTLkywoRUmyp\"': no such table: transactions"
[2026-09-25--05-20-30 ERROR surfpool::cli::simnet] Failed to process transaction: Internal error: "Storage error: Query failed for table 'transactions' in 'SQLite' database: Failed to store value for key '\"2QYbKPTxdrasYGaD1L2nLwvjCf93UYFe6bepfGDdh6dShQYTES2nWpaoKYMDri8KQAnnywWyzaWCb9SM7RNCUpLS\"': no such table: transactions"
[2026-09-25--05-20-30 ERROR surfpool::cli::simnet] Failed to process transaction: Internal error: "Storage error: Query failed for table 'transactions' in 'SQLite' database: Failed to store value for key '\"KAWvKKVLsFWeD1YxLpJ2foTEuRCDzuPmgibGuk4V1BkY3jKKSoHsdWF4N6F1QQx11kgBnUMnt2P3Wc1E54Fb6pQ\"': no such table: transactions"
[2026-09-25--05-20-30 ERROR surfpool::cli::simnet] Failed to process transaction: Internal error: "Storage error: Query failed for table 'transactions' in 'SQLite' database: Failed to store value for key '\"4GFKadESCJrchVm84EDaZNyHLS1SAjw7BsEvQm2xfZLaGtdFXWfA13syDZxHELq6DMuB9ZgC7pctYkgW1m1BiQty\"': no such table: transactions"
[2026-09-25--05-20-30 ERROR surfpool::cli::simnet] Failed to process transaction: Internal error: "Storage error: Query failed for table 'transactions' in 'SQLite' database: Failed to store value for key '\"AT4jh6sAENVR5LZmfF25MMNQFGQSMm2dUfrq5U2ebevZVBYeZ6WcuDoSzjkUhgEPbcbjWZZB7KFdeUDJAz2GvSi\"': no such table: transactions"
[2026-09-25--05-20-30 ERROR surfpool::cli::simnet] Failed to process transaction: Internal error: "Storage error: Query failed for table 'transactions' in 'SQLite' database: Failed to store value for key '\"1YLoZuintrQbEY6ke3S2FJMYjaYYeDWmJxDUzwyop5gusr3WQWg3ACkN3uL9BdrWNbEHG57ARVFDc6yeXzbZn9b\"': no such table: transactions"
[2026-09-25--05-20-30 ERROR surfpool::cli::simnet] Failed to process transaction: Internal error: "Storage error: Query failed for table 'transactions' in 'SQLite' database: Failed to store value for key '\"3K1g2ohfRfACmRpJUVFg2fZdKX6Bh1aaJZeuHeB3yXhQWvFhjkV6wfq9Te9qhiu72FkV9osdETHSBAoHPP8EDxpQ\"': no such table: transactions"
[2026-09-25--05-20-30 ERROR surfpool::cli::simnet] Failed to process transaction: Internal error: "Storage error: Query failed for table 'transactions' in 'SQLite' database: Failed to store value for key '\"2dYpZD6gEZMhtyRw2tiWvkPyxkYSW7gstsHY8D2uwrQNpk7NyzTjui72ZT2F722jm6hQ5rPGEVpxiUG3ufH8Fxvr\"': no such table: transactions"
[2026-09-25--05-20-30 ERROR surfpool::cli::simnet] Failed to process transaction: Internal error: "Storage error: Query failed for table 'transactions' in 'SQLite' database: Failed to store value for key '\"59V9gLEwMy1ciwz2B3YHfSZYePApzLCWakTArHnERyRjjEUX4fwxFnDNJEedK91UpJ9SXS9QaJz8FewBR2XXdjWC\"': no such table: transactions"
[2026-09-25--05-20-30 ERROR surfpool::cli::simnet] Failed to process transaction: Internal error: "Storage error: Query failed for table 'transactions' in 'SQLite' database: Failed to store value for key '\"4uo718bvjSmKyEXwprHHQ97vPPsdPFN2WysV8UVDZNAaMCc5JrZbasGq597hjPw9A1WV4BanVNTe4h2tj1dgCoDq\"': no such table: transactions"
[2026-09-25--05-20-30 ERROR surfpool::cli::simnet] Failed to process transaction: Internal error: "Storage error: Query failed for table 'transactions' in 'SQLite' database: Failed to store value for key '\"4eys6cXWT92YxTLyWCgphGKj51EidQ63qqtrCafow49sb8fdbTrqsVtjiPwmnW4BYLHKHdAqfSYawmrqabuMmm22\"': no such table: transactions"
[2026-09-25--05-20-30 ERROR surfpool::cli::simnet] Failed to process transaction: Internal error: "Storage error: Query failed for table 'transactions' in 'SQLite' database: Failed to store value for key '\"43P4yKEPFAMbW1zJmTnyZEq82i97y3QvFo4SpnqtWpHbqxG9TncHkNiBKvcCJas85Eu9e3EkCPQwzLJXudEN5MPp\"': no such table: transactions"
[2026-09-25--05-20-30 ERROR surfpool::cli::simnet] Failed to process transaction: Internal error: "Storage error: Query failed for table 'transactions' in 'SQLite' database: Failed to store value for key '\"hZ3wKcj9w4FgGMqMfgbgrvSVDRopvruczN8YPG29dTxWG3FDcUcg2drrL6ynrpGpJXoPgpKBSFHDZZx7PkKTBTr\"': no such table: transactions"
[2026-09-25--05-20-30 ERROR surfpool::cli::simnet] Failed to process transaction: Internal error: "Storage error: Query failed for table 'transactions' in 'SQLite' database: Failed to store value for key '\"3onZyJMxowhhL8cRjerf7W3BDHpB5qs29qgSC7BeDaArzEXz4FnErV1Y8u3U4L4W4m3GaZwQ6vfH4FHdUr9yKCiY\"': no such table: transactions"
[2026-09-25--05-20-30 ERROR surfpool::cli::simnet] Failed to process transaction: Internal error: "Storage error: Query failed for table 'transactions' in 'SQLite' database: Failed to store value for key '\"3UXAF8BS29bVj4mh66JKPT37StEJoycAdmSTMPzSPkvc7EauoacvSvc9FxLXPfmuafbyEc4CtLuxWqFQ6xKvcmaT\"': no such table: transactions"
[2026-09-25--05-20-30 ERROR surfpool::cli::simnet] Failed to process transaction: Internal error: "Storage error: Query failed for table 'transactions' in 'SQLite' database: Failed to store value for key '\"3iy6G1W1eMCbqzs165wJqfiy3k88WyCH9GNPqjVM7XbwrdN65LxDLWSEvhhSnDbDao83mnvbXEoWmA1hjmJ8MUJw\"': no such table: transactions"
[2026-09-25--05-20-30 ERROR surfpool::cli::simnet] Failed to process transaction: Internal error: "Storage error: Query failed for table 'transactions' in 'SQLite' database: Failed to store value for key '\"2rK7qA7GPtC26w1MBMSgvLPaMJCNfV1smW7ByuyUVo7nY3giiUumm9h4mjWzpCVzFgybfmEd6HB1Z4HeEnZFPrA4\"': no such table: transactions"
[2026-09-25--05-20-30 ERROR surfpool::cli::simnet] Failed to process transaction: Internal error: "Storage error: Query failed for table 'transactions' in 'SQLite' database: Failed to store value for key '\"63ceMFxCUiezQZPjQ8bKHHC42KYD9mF2W5nvaVQmEDzv4EySnmKsh8D1WdnFTiVZhfCtXsNRxbDQ8d2KuvzF5jyF\"': no such table: transactions"
[2026-09-25--05-20-30 ERROR surfpool::cli::simnet] Failed to process transaction: Internal error: "Storage error: Query failed for table 'transactions' in 'SQLite' database: Failed to store value for key '\"MAHgov9ea3nmomYs5hMy3w76xKmNUmgcwuEaAdCTxuS8Nxyn6L57ffQMardo1KFZdKChEoKeArcZvs3prvMjAhA\"': no such table: transactions"
[2026-09-25--05-20-30 ERROR surfpool::cli::simnet] Failed to process transaction: Internal error: "Storage error: Query failed for table 'transactions' in 'SQLite' database: Failed to store value for key '\"8DEcUzvYEEkgbG89qN1y6SsyGKuCZxHiyaWhJkSdcDa5BAY4QK2eucT2ZEytYYTjT1AWNXtcf1m5VvscXWfBfCf\"': no such table: transactions"
[2026-09-25--05-20-30 ERROR surfpool::cli::simnet] Failed to process transaction: Internal error: "Storage error: Query failed for table 'transactions' in 'SQLite' database: Failed to store value for key '\"4NG8pftrMmL4v7ufGTa2X7o8i4TLWJkm4vLyYoN4D8VoENWxT71UfBw9R91VUe9siSZfSqxnYtPH3LP8x6nqQeLB\"': no such table: transactions"
[2026-09-25--05-20-30 ERROR surfpool::cli::simnet] Failed to process transaction: Internal error: "Storage error: Query failed for table 'transactions' in 'SQLite' database: Failed to store value for key '\"4HwtYRdT7oodp6YMXCrxYUPxCeH62mRdLRsHRc1hi5McaUnYYGxsEkNLqvPk9ZrqWpUV4Xyyz9SBkASXBu7BwJ8y\"': no such table: transactions"
[2026-09-25--05-20-30 ERROR surfpool::cli::simnet] Failed to process transaction: Internal error: "Storage error: Query failed for table 'transactions' in 'SQLite' database: Failed to store value for key '\"52uetZj5SGYeTqY6njQ4L5CgRcnBKS9jJ4sX27PzYwPamcKhaFD8pd9JSxxgMd7kdHHf7ZXeJwEBLpEP2iXrcnjd\"': no such table: transactions"
[2026-09-25--05-20-30 ERROR surfpool::cli::simnet] Failed to process transaction: Internal error: "Storage error: Query failed for table 'transactions' in 'SQLite' database: Failed to store value for key '\"3rsHnecEhp71HL2rwmDZeVQnTZz9JWkMiMpQHrjYz236omTmdKfgL4ydVfcY8S825zTRG2TjQ1jVFbKx8chtGgk2\"': no such table: transactions"
[2026-09-25--05-20-30 ERROR surfpool::cli::simnet] Failed to process transaction: Internal error: "Storage error: Query failed for table 'transactions' in 'SQLite' database: Failed to store value for key '\"4Dcra4YBgGhGio1CEMtMAz5mHmjw7frsZsujCbQFYEQijzJtd3JA1tvwiMifefJUWqQTL1GDyVSdARdr4ZPjU6hn\"': no such table: transactions"
[2026-09-25--05-20-30 ERROR surfpool::cli::simnet] Failed to process transaction: Internal error: "Storage error: Query failed for table 'transactions' in 'SQLite' database: Failed to store value for key '\"3rYar6YshR7PwWd5Rj2qbshCxSjdHCpMfmD68ZJ56AiW4JQJrDSxbHuvqH5m9C83FQiBBQsXzbLw5fJE6itd9XMj\"': no such table: transactions"
[2026-09-25--05-20-30 ERROR surfpool::cli::simnet] Failed to process transaction: Internal error: "Storage error: Query failed for table 'transactions' in 'SQLite' database: Failed to store value for key '\"3MmC8cPq4UNkUy9kbEq29mWPnt8JvLrzdQSn7id52UHGcss5UrKKFG9oKen7k1zCxGQzGZUR7cjbe6us2URjcBw6\"': no such table: transactions"
[2026-09-25--05-20-30 ERROR surfpool::cli::simnet] Failed to process transaction: Internal error: "Storage error: Query failed for table 'transactions' in 'SQLite' database: Failed to store value for key '\"LT3fRMFagLoWoG5ysbURGiYHPWr6eS42ibojcXHjPw7Begd6vBbhhvqz4gsKesDsZw2Hrusowfn34RKebmazRn2\"': no such table: transactions"
[2026-09-25--05-20-30 ERROR surfpool::cli::simnet] Failed to process transaction: Internal error: "Storage error: Query failed for table 'transactions' in 'SQLite' database: Failed to store value for key '\"4BCUGcAehW4Ngzu5Vg1hPU4r9LQJj9bcuT1vsCCrSc4DBtov7VrZebfSozrnkVb3LQT6vxJzG31GAUwFwkVkKrnu\"': no such table: transactions"
[2026-09-25--05-20-30 ERROR surfpool::cli::simnet] Failed to process transaction: Internal error: "Storage error: Query failed for table 'transactions' in 'SQLite' database: Failed to store value for key '\"3BNUUdCCqJo19HLBJeJiTk1epUPxzvH2hVN5jjcte5yDKyxinG22w3Q48GEjbPvacZwUapgi6VoNxK75daQy9wEU\"': no such table: transactions"
[2026-09-25--05-20-30 ERROR surfpool::cli::simnet] Failed to process transaction: Internal error: "Storage error: Query failed for table 'transactions' in 'SQLite' database: Failed to store value for key '\"478gk8W76drZUyHTjss8S7qt8ZuX2cyozE6cGEwiokNmvdkDt1n3g7ik5xnNGyGFcDcs7KoJdG39sGMivAkZypgt\"': no such table: transactions"
[2026-09-25--05-20-30 ERROR surfpool::cli::simnet] Failed to process transaction: Internal error: "Storage error: Query failed for table 'transactions' in 'SQLite' database: Failed to store value for key '\"2hLgz9CCQ8mAMRtPKjaztEsdXeChPrMnrmACeZUs24FAuUnPC53YKQarSTTw9DrQVzRc7uJm6hnDoYfDCCfgqo8B\"': no such table: transactions"
[2026-09-25--05-20-30 ERROR surfpool::cli::simnet] Failed to process transaction: Internal error: "Storage error: Query failed for table 'transactions' in 'SQLite' database: Failed to store value for key '\"YMbXfuPJgA3goZNroicBbzNJoeGjr2WaVso8hZEyM9T4mYrazyvWXsQy3JpSP5gqU7owjmgJt3x6vsAG9JDiDA1\"': no such table: transactions"
[2026-09-25--05-20-30 ERROR surfpool::cli::simnet] Failed to process transaction: Internal error: "Storage error: Query failed for table 'transactions' in 'SQLite' database: Failed to store value for key '\"2retGeNw2ZBSggSVNWDJhmUfpXeuUSdXSBw6BqUUwP5EikjZurPyTna4sRZbxTxcqbZ1GyvSN8DNxrGT9WM4kTHU\"': no such table: transactions"
[2026-09-25--05-20-30 ERROR surfpool::cli::simnet] Failed to process transaction: Internal error: "Storage error: Query failed for table 'transactions' in 'SQLite' database: Failed to store value for key '\"5Bx94qXF82t7ty7PgvsBWJqUp5P7kpfJWAMU6RFev1birqG2kLc4JJGEmsQMjneKXcfQhBytgjXt5WLmCDePdnvK\"': no such table: transactions"
[2026-09-25--05-20-30 ERROR surfpool::cli::simnet] Failed to process transaction: Internal error: "Storage error: Query failed for table 'transactions' in 'SQLite' database: Failed to store value for key '\"2kUN21UuXND4KWxbmg9zhu2Jpoj62u9SdfokCN4z8jhw2Rnzu3xVFJ7zgJZGGwZMWa4JJiLgJqoJmNwfTUnMgCw4\"': no such table: transactions"
[2026-09-25--05-20-30 ERROR surfpool::cli::simnet] Failed to process transaction: Internal error: "Storage error: Query failed for table 'transactions' in 'SQLite' database: Failed to store value for key '\"4rvyKqvssQePdDc53qjK1i1eFZz5PxUKQrkZLuoWWj1Y9wZhqojR2zMb5T1k8g5CAhuLzUK9qx8xvcpX7ypy6bMM\"': no such table: transactions"
[2026-09-25--05-20-30 ERROR surfpool::cli::simnet] Failed to process transaction: Internal error: "Storage error: Query failed for table 'transactions' in 'SQLite' database: Failed to store value for key '\"4NyMoiwDXgPFcWuawSt85xGmjRdQp1pGfDZJWbda76XMP3jFq8FtYV1e2a8zSdASz4ECTKAvSm4YMMYQG7WUDoT4\"': no such table: transactions"
[2026-09-25--05-20-30 ERROR surfpool::cli::simnet] Failed to process transaction: Internal error: "Storage error: Query failed for table 'transactions' in 'SQLite' database: Failed to store value for key '\"YoHxiMXfeVorJHeJnJqkzE6daBSXGr41MDq3qh1NhYwPubKw7wDKJaepSHcnp8gtT5j6fJjsUfhJ9YBme245EVj\"': no such table: transactions"
[2026-09-25--05-20-30 ERROR surfpool::cli::simnet] Failed to process transaction: Internal error: "Storage error: Query failed for table 'transactions' in 'SQLite' database: Failed to store value for key '\"3Fd6UktsW1482vJFGb41RPZs7FnbThPKkKqt7DaCmMLnDq7j5VmjVvK7UiWyCv3vBU74qPxisd4BMeTiXCdaYWfx\"': no such table: transactions"
[2026-09-25--05-20-30 ERROR surfpool::cli::simnet] Failed to process transaction: Internal error: "Storage error: Query failed for table 'transactions' in 'SQLite' database: Failed to store value for key '\"4ypHRsf9xDWjjYDYbJx4UeMCimhfFSR7q4VLjbERugdodvYgKmkszok1neCMMoE7HKQpcbEHqY9uhdTXQ7BoHqMX\"': no such table: transactions"
[2026-09-25--05-20-30 ERROR surfpool::cli::simnet] Failed to process transaction: Internal error: "Storage error: Query failed for table 'transactions' in 'SQLite' database: Failed to store value for key '\"VXKVszqsQRHEE1Xr4VozkugXBu7Bz1caW4o6zaPijnhvRLsN7tcMSwz3FJrKe9xVK2bDayUxSy327nusGToVPSA\"': no such table: transactions"
[2026-09-25--05-20-30 ERROR surfpool::cli::simnet] Failed to process transaction: Internal error: "Storage error: Query failed for table 'transactions' in 'SQLite' database: Failed to store value for key '\"4uDra2hANmVSd9XyFNEyQUqtZHsdeCZYzcHL2LsLMWTDBT5hwLnhrYY4yWA2os8iaPq2GkMCr7wRUTsJkxyyviKf\"': no such table: transactions"
[2026-09-25--05-20-30 ERROR surfpool::cli::simnet] Failed to process transaction: Internal error: "Storage error: Query failed for table 'transactions' in 'SQLite' database: Failed to store value for key '\"2TVW6XzuBvDgkHLAicmppo91RcGwnfART2wS5khXMcoSjPJWw7n9DuaW9UtqHk787Vo7frNsHhYjsehUpGCWWJ66\"': no such table: transactions"
[2026-09-25--05-20-30 ERROR surfpool::cli::simnet] Failed to process transaction: Internal error: "Storage error: Query failed for table 'transactions' in 'SQLite' database: Failed to store value for key '\"53iRszvHsFnYiriehZAERSG2zE4YacifA7NvaCnU2XDr6co91wuGxb3Tqkx1UBsrbPGdjKyKgziuaBM6nQ3xWbDL\"': no such table: transactions"
[2026-09-25--05-20-30 ERROR surfpool::cli::simnet] Failed to process transaction: Internal error: "Storage error: Query failed for table 'transactions' in 'SQLite' database: Failed to store value for key '\"5rdVXRBNWicg93dtw5x1gPia5k8vGDb7oknWpP4fE7CEAcUyd4CnbrT54m9HLr9336TxvWV7L9dniaYY7WvimaCF\"': no such table: transactions"
[2026-09-25--05-20-30 ERROR surfpool::cli::simnet] Failed to process transaction: Internal error: "Storage error: Query failed for table 'transactions' in 'SQLite' database: Failed to store value for key '\"5MP5f3eWQGqyFpDG9EWj18xEpTZvWixiHWECrrjpXQSPj65Lp3GJLvA7ttNe5tfuWCYLdUUQPAZDpEtMFaoPNPFN\"': no such table: transactions"
[2026-09-25--05-20-30 ERROR surfpool::cli::simnet] Failed to process transaction: Internal error: "Storage error: Query failed for table 'transactions' in 'SQLite' database: Failed to store value for key '\"7uWpyEYqZEZdhFf2q5itVhBAf3mF8zd8ic93xmMrnE2TtuYh5iBQHfC3tPqzuRKfxkCrAmtGipjBHmrcownSNxm\"': no such table: transactions"
[2026-09-25--05-20-30 ERROR surfpool::cli::simnet] Failed to process transaction: Internal error: "Storage error: Query failed for table 'transactions' in 'SQLite' database: Failed to store value for key '\"5jQG4BBDttauwoPPyuKi8sMk8iGekGK77X5ubGfzfc42GinCxf8Y1TCEEj3mm3kK8tW1vZ29wy1QHD4ZiDxR3xjJ\"': no such table: transactions"
[2026-09-25--05-20-30 ERROR surfpool::cli::simnet] Failed to process transaction: Internal error: "Storage error: Query failed for table 'transactions' in 'SQLite' database: Failed to store value for key '\"3yMWzCdTJWc2W149PmmAGKYqD2CGpkArjgKsSgFb61maZfszBjDxpUBbEU1C789BWfVpPtKsTV9gy4uQpqBfxVLK\"': no such table: transactions"
[2026-09-25--05-20-30 ERROR surfpool::cli::simnet] Failed to process transaction: Internal error: "Storage error: Query failed for table 'transactions' in 'SQLite' database: Failed to store value for key '\"3YYKFN7CEwjdzdKLb2bhBwy7oDHfq2Y2CWbUyVtvWEAs1NnHw73hcsen7TkQME4fvL3PWghKdMmhqL6V6u2eddgD\"': no such table: transactions"
[2026-09-25--05-20-30 ERROR surfpool::cli::simnet] Failed to process transaction: Internal error: "Storage error: Query failed for table 'transactions' in 'SQLite' database: Failed to store value for key '\"5xQjpNwr9oQF9Ajti3vLU58A5NhdBLaGvREQkYb9LJqVn5b6GGdEt8RpnK4H4b3xs1k9xrbjnkh489L7Hgz9rzE\"': no such table: transactions"
[2026-09-25--05-20-30 ERROR surfpool::cli::simnet] Failed to process transaction: Internal error: "Storage error: Query failed for table 'transactions' in 'SQLite' database: Failed to store value for key '\"5j7EyF6FdLCnyNk2K2QhHsfzNXb6JDZyYdK9m9htwFDJkw8a6Sko3XiJqzxUogTbhApTwqVAP8THdCd9H4jmtWAz\"': no such table: transactions"
[2026-09-25--05-20-30 ERROR surfpool::cli::simnet] Failed to process transaction: Internal error: "Storage error: Query failed for table 'transactions' in 'SQLite' database: Failed to store value for key '\"3j9zBR8g26qJ6Q6QfnnrF9wafCBDUU7RDE7Nb5jLHA64M4wwSpy9hRacBeB928jS54Yayz52x1p7QjwMuFrB3iJ\"': no such table: transactions"
[2026-09-25--05-20-30 ERROR surfpool::cli::simnet] Failed to process transaction: Internal error: "Storage error: Query failed for table 'transactions' in 'SQLite' database: Failed to store value for key '\"TVAKGCL5hDwieSbbNMz2ZMwj1SqAfubwinG94qdNoWKrugadajwUbzfHLWe4BjU6agAookYGZMEovcgQ3SgnHtW\"': no such table: transactions"
[2026-09-25--05-20-30 ERROR surfpool::cli::simnet] Failed to process transaction: Internal error: "Storage error: Query failed for table 'transactions' in 'SQLite' database: Failed to store value for key '\"2pav79oTacZxYU39pv4Wu5kknbnf3NzAcSLwyRfRRJdzBJveq93UQXjgATPWsDMxmegRnHMS4CM3kV9Q2jdk3WeE\"': no such table: transactions"
[2026-09-25--05-20-30 ERROR surfpool::cli::simnet] Failed to process transaction: Internal error: "Storage error: Query failed for table 'transactions' in 'SQLite' database: Failed to store value for key '\"5RpaBRB9DsepkZPsrTLwQZTqjZBE1EuGzvxX6Lq5UPzXZ7ceUEW4h49Sfwgpudn6eZjBfpREkG7nqyXvYajPxLQf\"': no such table: transactions"
[2026-09-25--05-20-30 ERROR surfpool::cli::simnet] Failed to process transaction: Internal error: "Storage error: Query failed for table 'transactions' in 'SQLite' database: Failed to store value for key '\"59tEteYWCKKpQhiMdPh1TtfnPC2wmrq5YxvxYTKQsFJpGpKd8ZNXj7SwbyrVeMbcxSzZEgSyXd5jYuMx1k3ca4Ki\"': no such table: transactions"
[2026-09-25--05-20-30 ERROR surfpool::cli::simnet] Failed to process transaction: Internal error: "Storage error: Query failed for table 'transactions' in 'SQLite' database: Failed to store value for key '\"4tFZ7Prh6NTNRkUKYiNtT4vLXXNWb8Z7WBboMGBboEVv5kNWjWpUdXhzkYxXomhm5YUUggmVQosym7QrujCGVdFT\"': no such table: transactions"
[2026-09-25--05-20-30 ERROR surfpool::cli::simnet] Failed to process transaction: Internal error: "Storage error: Query failed for table 'transactions' in 'SQLite' database: Failed to store value for key '\"5kcAVVnA2sFWdqGY6hs1SnaBy3m5xkYeuJ6F7H7sQ5qhdPhWg4AjXKhuTXm6s6fxX6dXjagMUG3nhU8hFfTxWsKq\"': no such table: transactions"
[2026-09-25--05-20-30 ERROR surfpool::cli::simnet] Failed to process transaction: Internal error: "Storage error: Query failed for table 'transactions' in 'SQLite' database: Failed to store value for key '\"5WXFekrAKgXk9ZnFUoeWNSSKFiqVvx1gRdEdo5YL5QLeYDL7xVUm8RVLEH3JfRxyZwXTHLC8cDdS6bzr3hetDLAf\"': no such table: transactions"
[2026-09-25--05-20-30 ERROR surfpool::cli::simnet] Failed to process transaction: Internal error: "Storage error: Query failed for table 'transactions' in 'SQLite' database: Failed to store value for key '\"5PiHxBndMLfRvqNpjfo931iPseJ9V9LQ6MASjvx2TyWuwGPtu7yRaep5RSHuo2FdLgfTDAuuTf36TjCnAWNJSPA8\"': no such table: transactions"
[2026-09-25--05-20-30 ERROR surfpool::cli::simnet] Failed to process transaction: Internal error: "Storage error: Query failed for table 'transactions' in 'SQLite' database: Failed to store value for key '\"3nM3RbsGPoK1zXRvLEBRx5YN8eshvSxWeRtcmzSLaqnp5tfTB6mHPaVkfe5Gj7yaFXMXasqdZLtRmKThoRMXdcPf\"': no such table: transactions"
[2026-09-25--05-20-30 ERROR surfpool::cli::simnet] Failed to process transaction: Internal error: "Storage error: Query failed for table 'transactions' in 'SQLite' database: Failed to store value for key '\"3fwuG15RJyiag6moPWRoDXuhMUrF9577LfHkrKupjuqJz6GiX36qkoLbNRf6HskhLrep1V9zdyufWre8JDZ1iyAv\"': no such table: transactions"
[2026-09-25--05-20-30 ERROR surfpool::cli::simnet] Failed to process transaction: Internal error: "Storage error: Query failed for table 'transactions' in 'SQLite' database: Failed to store value for key '\"5QZZ6TpA9dpmwyBdSNreAhs66pHCCfC1og8ig86jT4J8xXZMEean72bqy36a9ALH2yB8EWWCaoRaV1WsM8ahTpa5\"': no such table: transactions"
[2026-09-25--05-20-30 ERROR surfpool::cli::simnet] Failed to process transaction: Internal error: "Storage error: Query failed for table 'transactions' in 'SQLite' database: Failed to store value for key '\"3P4xq7ExN1ZDvZUJygy3to79UmGQtfX4ZJ9dgCYVdhrGGkpn4o4RqNhMRDBBKy5Nqm6AcruJAf28Ygaasc3kmoJk\"': no such table: transactions"
[2026-09-25--05-20-30 ERROR surfpool::cli::simnet] Failed to process transaction: Internal error: "Storage error: Query failed for table 'transactions' in 'SQLite' database: Failed to store value for key '\"uCFnqPZ6dmudHFmdWbtR69ceZy1TdrNZwGF3PjLQWFxyLekJ4x11QzbZz1bvx7TqcDjA3bTgGop6sgyMPPULfyS\"': no such table: transactions"
[2026-09-25--05-20-30 ERROR surfpool::cli::simnet] Failed to process transaction: Internal error: "Storage error: Query failed for table 'transactions' in 'SQLite' database: Failed to store value for key '\"2c9LmBsWgfgwu1PZG7kEg63BEo7RZHp4iVYwRzM8bVhwiUs1E17ReczAupznqP3RkMB26nJQRHS2GKGrBacXFPfd\"': no such table: transactions"
[2026-09-25--05-20-30 ERROR surfpool::cli::simnet] Failed to process transaction: Internal error: "Storage error: Query failed for table 'transactions' in 'SQLite' database: Failed to store value for key '\"2t23fA2WqeQe99up5HCbrEQf1uHM3LXwRtuDZUtKbZ1x5jnenbr4teciMdS4r7xPDn5513khDHKuifRjqtwLzdFq\"': no such table: transactions"
[2026-09-25--05-20-30 ERROR surfpool::cli::simnet] Failed to process transaction: Internal error: "Storage error: Query failed for table 'transactions' in 'SQLite' database: Failed to store value for key '\"3dLVVSCfhqHKMgd6cSL6c61QZ9FGBFv76ojT6K69i1sBqbL7wGgrQUnCaqxYepeQnpGDWN1tJWpAPcJD2YE81y74\"': no such table: transactions"
[2026-09-25--05-20-30 ERROR surfpool::cli::simnet] Failed to process transaction: Internal error: "Storage error: Query failed for table 'transactions' in 'SQLite' database: Failed to store value for key '\"3JBufQEzYjgULkAuHzUDgP5tBJ8ujqHX1hM5Jy5YutXhYeE1U9MXajXTnUh6E8B1hG4e1dZV2d77EnCvxQEnHtmx\"': no such table: transactions"
[2026-09-25--05-20-31 ERROR surfpool::cli::simnet] Failed to process transaction: Internal error: "Storage error: Query failed for table 'transactions' in 'SQLite' database: Failed to store value for key '\"4KmjsTXxj4MgnvGejxWpXtqMHFUJXtz8gRNYcfSLfTzbPVo5ZTYMSmR1r4ZebAydGycUQWnURQjz8MDUUwHDixhG\"': no such table: transactions"
[2026-09-25--05-20-31 ERROR surfpool::cli::simnet] Failed to process transaction: Internal error: "Storage error: Query failed for table 'transactions' in 'SQLite' database: Failed to store value for key '\"BRf4H4qHb771Rd4rYc5QwQ6EspxSX3vsdVP8RT1i2uP6q848M3z3Sjf2QxGzgk4zsTHRivnJNrfPS2KPjVTNftu\"': no such table: transactions"
[2026-09-25--05-20-31 ERROR surfpool::cli::simnet] Failed to process transaction: Internal error: "Storage error: Query failed for table 'transactions' in 'SQLite' database: Failed to store value for key '\"5MVk4MgaptPnTVjuqM5oZumxwCLhoUMUCcvY9o6WbfpV4Lq17buTsXp9rijwVARDZjYo5VcmhARA2Q1H21LBYjhu\"': no such table: transactions"
[2026-09-25--05-20-31 ERROR surfpool::cli::simnet] Failed to process transaction: Internal error: "Storage error: Query failed for table 'transactions' in 'SQLite' database: Failed to store value for key '\"3qJxMh6iN4tuojk4whDnaXJWcdkGBbZ94GRc1kjkK31B9bDCmZDu1gdPfC9Z39qStjzDecmvRPpCZsp64WfCacyE\"': no such table: transactions"
[2026-09-25--05-20-31 ERROR surfpool::cli::simnet] Failed to process transaction: Internal error: "Storage error: Query failed for table 'transactions' in 'SQLite' database: Failed to store value for key '\"2a961sKfboEzTzPvWE8UiAaEoqQt4rL15FvFM6RdvYmVZ3MPioWhB34oq8w7GF5DTqheQtcoLQTPSUYTcgCGjtw8\"': no such table: transactions"
[2026-09-25--05-20-31 ERROR surfpool::cli::simnet] Failed to process transaction: Internal error: "Storage error: Query failed for table 'transactions' in 'SQLite' database: Failed to store value for key '\"4HdgMyzCSN6VgKsKQvxSFhDca1sSUzbntQHzRTyzBtVx5vgDk2cBryyGXZRb6FgxgfKsh9MwhzZb61MDKcsq5Phz\"': no such table: transactions"
[2026-09-25--05-20-31 ERROR surfpool::cli::simnet] Failed to process transaction: Internal error: "Storage error: Query failed for table 'transactions' in 'SQLite' database: Failed to store value for key '\"3atiEdhPtSf3JcueZK2uVF7vwDY345dvX5wAdKb5vb9rmhgoVXMWVKAWe41UuoQuRw3a4ta1zDHABQXWGyU5NA9F\"': no such table: transactions"
[2026-09-25--05-20-31 ERROR surfpool::cli::simnet] Failed to process transaction: Internal error: "Storage error: Query failed for table 'transactions' in 'SQLite' database: Failed to store value for key '\"3KubUgvmE98HzCpgNKQG55qnqSzsbGxW2Pef6fqnuTUG3xYbYdjC2PnWiuHsiUozc9xNBfBKkfk8hX3TxttjWySt\"': no such table: transactions"
[2026-09-25--05-20-31 ERROR surfpool::cli::simnet] Failed to process transaction: Internal error: "Storage error: Query failed for table 'transactions' in 'SQLite' database: Failed to store value for key '\"3VPMCveLCvXDKX4Tqd7kJaH5HZ8oa2q7GiZ4tgijtWEdDdfq6r7DCnHHFg25XybpkXvJyAv5PHnp8LuFniTbiz7c\"': no such table: transactions"
[2026-09-25--05-20-31 ERROR surfpool::cli::simnet] Failed to process transaction: Internal error: "Storage error: Query failed for table 'transactions' in 'SQLite' database: Failed to store value for key '\"hykJHwko5TU9A2DJ3khP3bqQjmVSVbxVxVkWinQZEQCjKGRJ65LAJVrVtc5fkgNSSFUptz7kEykf8B6whVE3DD4\"': no such table: transactions"
[2026-09-25--05-20-31 ERROR surfpool::cli::simnet] Failed to process transaction: Internal error: "Storage error: Query failed for table 'transactions' in 'SQLite' database: Failed to store value for key '\"5BiEXKcwuSZRS3gMQFrptcDWy1kZtTd1SZWHhGWGN2o233riCYX8ofSUPhGM2VJWYpBBBECVCnKYJXBFH59EkrRk\"': no such table: transactions"
[2026-09-25--05-20-31 ERROR surfpool::cli::simnet] Failed to process transaction: Internal error: "Storage error: Query failed for table 'transactions' in 'SQLite' database: Failed to store value for key '\"tmnghPMy4sbYXeV9hpM7oDJGGLyyP7qzSwbn5b3S1zHfftBS7Wsz4bxfLnpLkt1YqBhvrtpeTs1KGwSGJmYCJjx\"': no such table: transactions"
[2026-09-25--05-20-31 ERROR surfpool::cli::simnet] Failed to process transaction: Internal error: "Storage error: Query failed for table 'transactions' in 'SQLite' database: Failed to store value for key '\"3scvDhzmTEic3cJbxGwukUpPMpGGbfkEyYWDeiGcdXQmDKY1tV7bbcywb8i78NuVPgrhcCUk6JYsi5veQAqAgDbz\"': no such table: transactions"
[2026-09-25--05-20-31 ERROR surfpool::cli::simnet] Failed to process transaction: Internal error: "Storage error: Query failed for table 'transactions' in 'SQLite' database: Failed to store value for key '\"4duyd7MHz3bYDR2WxFNiC3oNxRYCwDBrRDEhasotR6VEVnwFD83nTq4vqGrNWSBmsMmNzfaryj1pszW2ng7suYVL\"': no such table: transactions"
[2026-09-25--05-20-31 ERROR surfpool::cli::simnet] Failed to process transaction: Internal error: "Storage error: Query failed for table 'transactions' in 'SQLite' database: Failed to store value for key '\"5VWDEDtkHpKhW3Wi768s6LvMpwhFAH2Kmg2TbjfEJnPne84ZeLAmsgKBhi66GPxMCDrjnaj7JxXDfYMcaeQh66kp\"': no such table: transactions"
[2026-09-25--05-20-31 ERROR surfpool::cli::simnet] Failed to process transaction: Internal error: "Storage error: Query failed for table 'transactions' in 'SQLite' database: Failed to store value for key '\"2nA2y1uKwY792mPs9gRattwfDMavKRAamMNBSrLhi1Wr8QWAURi7CWMUb38HchfA8MAmcNvJWLHAsj7AkZUxGB7Q\"': no such table: transactions"
[2026-09-25--05-20-31 ERROR surfpool::cli::simnet] Failed to process transaction: Internal error: "Storage error: Query failed for table 'transactions' in 'SQLite' database: Failed to store value for key '\"qSGVtbYXxP2uSsaHm9AzV3dpn3wAnaxH3KKgRjwuADCGpaLKKnmJ6MVbBfs6fiAsAEUZS6YWfWH29ddPQVRXS5d\"': no such table: transactions"
[2026-09-25--05-20-31 ERROR surfpool::cli::simnet] Failed to process transaction: Internal error: "Storage error: Query failed for table 'transactions' in 'SQLite' database: Failed to store value for key '\"3XngoZHwscdmH8BecDNfCoHmGQp9PjZTpT4BSRq6QVoJJLBH7yLGkcvMjXDtmAKQAkapHGiBnyakG155fiaa3dtf\"': no such table: transactions"
[2026-09-25--05-20-31 ERROR surfpool::cli::simnet] Failed to process transaction: Internal error: "Storage error: Query failed for table 'transactions' in 'SQLite' database: Failed to store value for key '\"5ZGMd5iuUvbwFE4BL26x45nzs3SfL2aPrKbNBfDwvu9iHEHrTkUMZpcQhZjHUUy943Ki6NpNr7Wj77f9aBKsGWAr\"': no such table: transactions"
[2026-09-25--05-20-31 ERROR surfpool::cli::simnet] Failed to process transaction: Internal error: "Storage error: Query failed for table 'transactions' in 'SQLite' database: Failed to store value for key '\"3SPdZfRoCmwTmnZgqrCXn7XxDJDLKsQjxYuPDyjLwZfzXWjpC3hdRsjtDZ8xoM55fu9crHsskd821LYyWBjSQ1tN\"': no such table: transactions"
[2026-09-25--05-20-31 ERROR surfpool::cli::simnet] Failed to process transaction: Internal error: "Storage error: Query failed for table 'transactions' in 'SQLite' database: Failed to store value for key '\"4L26JR8T7EeVJZNWZXgbnxcCuDgZd91iDJqcGasV2MQv2XW5SUaW8Rg5EqVUi4b5FTeT8dqxaeHEuokdNR8sXQvW\"': no such table: transactions"
[2026-09-25--05-20-31 ERROR surfpool::cli::simnet] Failed to process transaction: Internal error: "Storage error: Query failed for table 'transactions' in 'SQLite' database: Failed to store value for key '\"5QBtNrbgm4oKqyJbXouLLmNBU225yCZRdAtKG57xcmb9cn1R8BDQDCaPKyvXoaoNEtPx3qitc2PXdRUek6Q2QDt7\"': no such table: transactions"
[2026-09-25--05-20-31 ERROR surfpool::cli::simnet] Failed to process transaction: Internal error: "Storage error: Query failed for table 'transactions' in 'SQLite' database: Failed to store value for key '\"2mp9P5ATRxtznFe8MUY9A4JT3YeG6UCjCE7i8Sa4EBL4y3DZSHmndaUiZTHT9AidYtFtf1hkgqh1Ny5M1mT3U87R\"': no such table: transactions"
[2026-09-25--05-20-31 ERROR surfpool::cli::simnet] Failed to process transaction: Internal error: "Storage error: Query failed for table 'transactions' in 'SQLite' database: Failed to store value for key '\"3xoNrJxdGYAGtmcgrMqwHNaapsxpku5ypiBN1GUQVMEsRzTGAEvDK3To4sWYV6cdaTsUieZuK6zFfarJPJJeUxqA\"': no such table: transactions"
[2026-09-25--05-20-31 ERROR surfpool::cli::simnet] Failed to process transaction: Internal error: "Storage error: Query failed for table 'transactions' in 'SQLite' database: Failed to store value for key '\"udVhD8jfGfm1WcnJ9bnA3jUwmyUDBmdhdxZJkddStXxYUdYr2cG8QnuHMchkCvgodbrwrGUM51mdTXGxM4fMcAk\"': no such table: transactions"
[2026-09-25--05-20-31 ERROR surfpool::cli::simnet] Failed to process transaction: Internal error: "Storage error: Query failed for table 'transactions' in 'SQLite' database: Failed to store value for key '\"5jT8HhFy2AopCXcfxnEgMxq5SFFXmDD2dyGvps2DfcsxWCgAjDzARcvTvCv8pF6suQNEV3b8bnjaLJum1LxnyaWT\"': no such table: transactions"
[2026-09-25--05-20-31 ERROR surfpool::cli::simnet] Failed to process transaction: Internal error: "Storage error: Query failed for table 'transactions' in 'SQLite' database: Failed to store value for key '\"2YpD4TTV3HYQ22by8P6JthjHz9u1MtsHJNmCBMR86pAsAbVLGGCNGw4Xyq84nkitHiNTCM6Uap2XCezDeDwjYTL\"': no such table: transactions"
[2026-09-25--05-20-31 ERROR surfpool::cli::simnet] Failed to process transaction: Internal error: "Storage error: Query failed for table 'transactions' in 'SQLite' database: Failed to store value for key '\"3ffHQup4TXJCvV5f4zHZdwd1mbLuMURuqiBd24zRLjHUZ7b41MM94VR9hn9poF6Df7g2ytqzzyQzNCkyjvCdWNUM\"': no such table: transactions"
[2026-09-25--05-20-31 ERROR surfpool::cli::simnet] Failed to process transaction: Internal error: "Storage error: Query failed for table 'transactions' in 'SQLite' database: Failed to store value for key '\"5V1CnQt24L8EBd4GSaW4wR3gJkM87w3nKBxTMnXBr3KfmAGNxPWRpX279mfZMSuiupHraaDqViATFkk4yEEZbVwe\"': no such table: transactions"
[2026-09-25--05-20-31 ERROR surfpool::cli::simnet] Failed to process transaction: Internal error: "Storage error: Query failed for table 'transactions' in 'SQLite' database: Failed to store value for key '\"3Zbx1T2HZtjh2hpzkJDcw1pnKbiotkCWKHCsLms1g6v1GTB7A3PoQXNKnm41p6GtjoU45jUrQQdaVdGurfeUMn4J\"': no such table: transactions"
[2026-09-25--05-20-31 ERROR surfpool::cli::simnet] Failed to process transaction: Internal error: "Storage error: Query failed for table 'transactions' in 'SQLite' database: Failed to store value for key '\"2rLTdbfnETeqYFX53tEeJSyU9xAEf1KCynZ58S5EQbuT3fRM44B1FN4dXUbq3EFvPmMY7e4p1fnpmpfDSUdGTJg7\"': no such table: transactions"
[2026-09-25--05-20-31 ERROR surfpool::cli::simnet] Failed to process transaction: Internal error: "Storage error: Query failed for table 'transactions' in 'SQLite' database: Failed to store value for key '\"3H1dAuMDEkke34VbntbToX7kc7x3HDzfuuFGBtEFv7DC1LWQTxk43sMViBrstZpTkFgixXs7ecGg6v5HkKQW3hJM\"': no such table: transactions"
[2026-09-25--05-20-31 ERROR surfpool::cli::simnet] Failed to process transaction: Internal error: "Storage error: Query failed for table 'transactions' in 'SQLite' database: Failed to store value for key '\"i4qZTgojXfxJPaCZyGmZEhmx1CnezPuYZAvQC91Xr62ukCky2fRK7wRqcadj17qjCBTRUBjsk2ysmhMD4o9snNe\"': no such table: transactions"
[2026-09-25--05-20-31 ERROR surfpool::cli::simnet] Failed to process transaction: Internal error: "Storage error: Query failed for table 'transactions' in 'SQLite' database: Failed to store value for key '\"24FBK2ZMjjwzYBjpd8kadGQbvEMc29m1WDgmmeW311DGbq7d9nW6gfb6ki2k1yPAF7RryfKReFv9BHWsuemLtWvE\"': no such table: transactions"
[2026-09-25--05-20-31 ERROR surfpool::cli::simnet] Failed to process transaction: Internal error: "Storage error: Query failed for table 'transactions' in 'SQLite' database: Failed to store value for key '\"5A5ftjcUqV2wrMVXYkuarG8ztvMKbASRvj5MqLXBBKbJpiwwhzLNpiSwmvr8k3F5RTz4h7djzPZAt4SPFo1sriup\"': no such table: transactions"
[2026-09-25--05-20-31 ERROR surfpool::cli::simnet] Failed to process transaction: Internal error: "Storage error: Query failed for table 'transactions' in 'SQLite' database: Failed to store value for key '\"5kEhmUjzuwz5jpt5wfouBGfeJKLPNPY94mCVAHYDNqNvSAK9xnbaD8WGws8ZUgW5aqfYTFtTmQKwSkGVeuC4BYM4\"': no such table: transactions"
